userid,surname,firstname,emailAddress,type,phone,password,yob,gender,approved
1,Joe,Dundrum,jd@dd.ie,Administrator,01 299 1700,111111,1980,Male,TRUE
2,Joe,Clarke,jc@dd.ie,Retailer,01 296 3097,222222,1970,Male,FALSE
3,Joe,Argos,ja@dd.ie,Retailer,01 207 9220,222222,1965,Male,FALSE
4,Jane,Specsavers,js@dd.ie,Retailer,01 215 6000,222222,1985,Female,TRUE
5,Arch,Fereday,afereday0@ftc.gov,Mobile,351-(715)140-0397,333333,2000,Female,TRUE
6,Nappy,Jeffry,njeffry1@cloudflare.com,Mobile,48-(240)519-9459,333333,1990,Male,TRUE
7,Dottie,Yushkin,dyushkin2@nyu.edu,Mobile,63-(404)343-0241,333333,1995,Male,TRUE
8,Addison,Osorio,aosorio3@google.ca,Mobile,58-(944)823-2911,333333,2001,Female,TRUE
9,Alvin,Berger,aberger4@auda.org.au,Mobile,55-(326)194-4872,333333,1985,Female,TRUE
10,Avram,Llewellin,allewellin5@merriam-webster.com,Mobile,33-(124)475-5100,333333,1960,Female,TRUE
11,Moe,Shama,mshama6@slate.com,Mobile,48-(280)142-4010,333333,1999,Female,TRUE
12,Evania,Mc Giffin,emcgiffin7@army.mil,Mobile,7-(986)976-9184,333333,1988,Male,TRUE
13,Concettina,Mapledorum,cmapledorum8@businessinsider.com,Mobile,420-(236)256-8915,333333,1991,Male,TRUE
14,Melly,Loidl,mloidl9@networksolutions.com,Mobile,46-(608)289-1216,333333,1993,Male,TRUE
15,Tolomei,Garry,gtolomeie@weibo.com,Mobile,234-(941)314-1254,rZ8P29J,1944,Male,TRUE
16,Shuttleworth,Dulciana,dshuttleworthf@usgs.gov,Mobile,51-(198)772-2084,zwPEmGBN,1942,Female,TRUE
17,Walthew,Ethelin,ewalthewg@intel.com,Mobile,86-(383)850-4542,PzwgzSKSR1Q,1981,Female,TRUE
18,Cockshtt,Madel,mcockshtth@usnews.com,Mobile,86-(448)777-2913,70Qg75,1989,Female,TRUE
19,Dumbleton,Othilia,odumbletoni@time.com,Mobile,7-(439)766-3364,OtZi4h,1949,Female,TRUE
20,Sumption,Ally,asumptionj@mac.com,Mobile,86-(358)541-3805,i65llYPXo,2004,Female,TRUE
21,Hassen,Laurens,lhassenk@soundcloud.com,Mobile,972-(328)844-6707,FfImfVHQ,2000,Male,TRUE
22,Dyerson,Ancell,adyersonl@usa.gov,Mobile,33-(323)640-9646,xSE2C6bjf1Wl,1991,Male,TRUE
23,Pinilla,Krystal,kpinillam@goo.gl,Mobile,380-(242)311-3849,LVn8Rs,1974,Female,TRUE
24,Rowe,Ethan,erowen@bloglines.com,Mobile,62-(392)170-4063,7QnAiVxo,1982,Male,TRUE
25,Cushworth,Syd,scushwortho@prweb.com,Mobile,420-(171)404-4028,HnDPWMDI,1998,Male,TRUE
26,Messingham,Ralf,rmessinghamp@unc.edu,Mobile,86-(703)630-2422,skbGzk,2002,Male,TRUE
27,Rosoman,Thorny,trosomanq@g.co,Mobile,60-(214)924-3926,8jc1rhokt,1970,Male,TRUE
28,Cansdill,Porty,pcansdillr@telegraph.co.uk,Mobile,971-(523)568-1695,APYzVL6K,1961,Male,TRUE
29,Burchell,Elissa,eburchells@mysql.com,Mobile,62-(335)393-8463,yJPAyvc72,1944,Female,TRUE
30,Mulvenna,Laureen,lmulvennat@phoca.cz,Mobile,86-(715)504-7809,BiywE4gGLK,1949,Female,TRUE
31,Exton,Cleo,cextonu@paginegialle.it,Mobile,62-(342)987-7204,7kiqvEv,1991,Female,TRUE
32,Gurnett,Ashla,agurnettv@shareasale.com,Mobile,63-(331)901-7305,xQrsvx9DyM,1968,Female,TRUE
33,Stivers,Consuelo,cstiversw@xrea.com,Mobile,387-(775)943-7952,YJsZtsjKZ,1981,Female,TRUE
34,Bog,Camila,cbogx@wikipedia.org,Mobile,351-(131)664-1204,9IYV1MerEjfI,1951,Female,TRUE
35,Risbie,Cal,crisbiey@hostgator.com,Mobile,27-(689)269-4997,5eQbez3Y9q,1966,Female,TRUE
36,Murrey,Nickolai,nmurreyz@psu.edu,Mobile,20-(533)163-9700,scnvPGq,1989,Male,TRUE
37,Foddy,Letti,lfoddy10@barnesandnoble.com,Mobile,254-(544)188-2719,7n9lvTbH,1942,Female,TRUE
38,Garaghan,Bogart,bgaraghan11@dmoz.org,Mobile,33-(358)949-1697,zeuhO466,1966,Male,TRUE
39,Pembry,Hunt,hpembry12@goodreads.com,Mobile,351-(824)310-6843,6aRaz6Q8M6tI,1998,Male,TRUE
40,Winspar,Celestyna,cwinspar13@sohu.com,Mobile,46-(294)356-2706,Jmm2Z8i4j,1963,Female,TRUE
41,Leuren,Cathie,cleuren14@4shared.com,Mobile,62-(944)541-4375,DZ1yDm,1994,Female,TRUE
42,Collerd,Bridgette,bcollerd15@quantcast.com,Mobile,86-(573)570-0530,u0Sa6WIe,1962,Female,TRUE
43,Winston,Cary,cwinston16@globo.com,Mobile,86-(491)742-7735,YCTExCFaF,1954,Male,TRUE
44,Dunbar,Guenevere,gdunbar17@sciencedirect.com,Mobile,351-(398)322-9976,L7bRB8L,2002,Female,TRUE
45,Zanazzi,Noam,nzanazzi18@chron.com,Mobile,54-(228)632-3890,v7HgszAix,2003,Male,TRUE
46,McElhargy,Phillip,pmcelhargy19@youtu.be,Mobile,55-(263)499-0053,7FWM8K37WE,1957,Male,TRUE
47,Marusyak,Kaitlyn,kmarusyak1a@edublogs.org,Mobile,86-(527)399-2008,96aUoNOcQpo,2000,Female,TRUE
48,Hebbes,Novelia,nhebbes1b@eepurl.com,Mobile,63-(129)953-1788,uQ15wrFz7D,1954,Female,TRUE
49,People,Chryste,cpeople1c@purevolume.com,Mobile,48-(242)319-0448,cFwXtu5JDal,1992,Female,TRUE
50,Shorto,Nobe,nshorto1d@ihg.com,Mobile,51-(159)149-5759,kcVnGR3vjc6z,1959,Male,TRUE
51,Caherny,Linn,lcaherny1e@statcounter.com,Mobile,54-(264)636-6983,wnId5KOk,1943,Female,TRUE
52,Manjin,Inger,imanjin1f@surveymonkey.com,Mobile,357-(431)339-8401,1xFzDrwOCdSr,1996,Male,TRUE
53,Spafford,Alvan,aspafford1g@pbs.org,Mobile,43-(818)696-1844,TRVcAzaq,1994,Male,TRUE
54,Churcher,Daveta,dchurcher1h@ebay.co.uk,Mobile,63-(682)827-8295,v7JYj0SiQG4z,1996,Female,TRUE
55,Weild,Francesca,fweild1i@paypal.com,Mobile,86-(956)223-9569,Qu9a2a,1984,Female,TRUE
56,Sharplin,Perl,psharplin1j@issuu.com,Mobile,44-(856)256-2937,MiQGYQGdd8mP,2000,Female,TRUE
57,Dougary,Stephanie,sdougary1k@bigcartel.com,Mobile,84-(931)714-4892,QJY03kZd,1964,Female,TRUE
58,Ayree,Sabra,sayree1l@google.fr,Mobile,57-(283)379-0363,yqkXWtvG,1961,Female,TRUE
59,Marney,Saundra,smarney1m@furl.net,Mobile,62-(282)627-5346,PSTtdz,1941,Male,TRUE
60,Jaques,Fulton,fjaques1n@squarespace.com,Mobile,63-(775)607-6032,yoWOqr4vX,1984,Male,TRUE
61,Methringham,Alia,amethringham1o@jalbum.net,Mobile,66-(375)933-0648,17AdSJTD,1955,Female,TRUE
62,Klimkin,Kassi,kklimkin1p@yandex.ru,Mobile,58-(567)323-3694,bBy8ppqhb,1967,Female,TRUE
63,Danihel,Reece,rdanihel1q@cbslocal.com,Mobile,385-(486)885-6902,evQGwhSF,1956,Male,TRUE
64,Danilchev,Jasen,jdanilchev1r@amazonaws.com,Mobile,359-(928)763-2929,hQhRZ0AQ,1954,Male,TRUE
65,Roscam,Maressa,mroscam1s@weather.com,Mobile,86-(817)619-7727,kUNMcgdi0W,1993,Female,TRUE
66,Lunbech,Allene,alunbech1t@themeforest.net,Mobile,62-(860)325-9294,Oj6rAS,1962,Female,TRUE
67,Rudland,Charmion,crudland1u@google.ca,Mobile,86-(113)205-9714,RvG5Ho,2000,Female,TRUE
68,Chritchley,Sibeal,schritchley1v@usda.gov,Mobile,1-(317)248-9550,IjxFtR94EtZW,1951,Female,TRUE
69,Holhouse,Barrie,bholhouse1w@miibeian.gov.cn,Mobile,1-(501)735-8712,bzn2m8gDJZsD,1990,Male,TRUE
70,Tight,Prent,ptight1x@blogs.com,Mobile,84-(578)725-9802,xGY8W2,1987,Male,TRUE
71,Trevers,Mira,mtrevers1y@twitter.com,Mobile,86-(923)197-2199,YD3ZQbC,1980,Female,TRUE
72,Flipek,Stevy,sflipek1z@bravesites.com,Mobile,1-(682)615-3703,i44FbBfKvC0,1942,Male,TRUE
73,Isaac,Stu,sisaac20@hao123.com,Mobile,86-(630)589-6915,3mB3hjbDpYOT,1982,Male,TRUE
74,Lamblin,Gavan,glamblin21@rakuten.co.jp,Mobile,48-(260)519-0081,y2L5jRgP,2004,Male,TRUE
75,Ofener,Connor,cofener22@blogspot.com,Mobile,86-(849)982-5484,NdcJfAl2s,2004,Male,TRUE
76,Macro,May,mmacro23@reference.com,Mobile,81-(454)440-3630,kVgslLUsN,2005,Female,TRUE
77,Janssen,Izak,ijanssen24@gravatar.com,Mobile,30-(232)203-5095,dFoLRTd,1947,Male,TRUE
78,Sandbrook,Griselda,gsandbrook25@usnews.com,Mobile,996-(434)464-8777,Pe4WX5,1980,Female,TRUE
79,Rogger,Betteann,brogger26@wikispaces.com,Mobile,55-(893)960-0896,3pcRFX,1996,Female,TRUE
80,Yarham,Tarrance,tyarham27@google.fr,Mobile,86-(670)101-0594,FEReT8QzZRN,1952,Male,TRUE
81,Rodmell,Edmund,erodmell28@i2i.jp,Mobile,27-(998)274-0038,L9xv01Hv2Z,2004,Male,TRUE
82,MacGorrie,Coletta,cmacgorrie29@mail.ru,Mobile,86-(679)591-3882,Pqzqmv3,1978,Female,TRUE
83,Breakspear,Corette,cbreakspear2a@ehow.com,Mobile,86-(115)658-0939,5a3Hz6rPgl4p,1977,Female,TRUE
84,Vidgen,Guntar,gvidgen2b@who.int,Mobile,30-(612)788-9026,6JOY4Dm7gz,1963,Male,TRUE
85,Gosforth,Chrystal,cgosforth2c@mayoclinic.com,Mobile,63-(167)226-6584,SF1vSKklr0bX,1966,Female,TRUE
86,Serjeantson,Hoebart,hserjeantson2d@nytimes.com,Mobile,55-(931)662-3294,rRBUvvnkHr5,1992,Male,TRUE
87,Altoft,Gustave,galtoft2e@foxnews.com,Mobile,62-(323)925-4959,J1Ww3TNRwmQ,1988,Male,TRUE
88,Alvarado,Amber,aalvarado2f@taobao.com,Mobile,7-(911)360-3691,c8cJSKv4aW,1944,Female,TRUE
89,Eilers,Rodrick,reilers2g@kickstarter.com,Mobile,27-(540)318-0486,py7jdw4H,1954,Male,TRUE
90,Chesshire,Caralie,cchesshire2h@columbia.edu,Mobile,86-(964)197-0802,4UDVJfJS,1959,Female,TRUE
91,Kirkebye,Beitris,bkirkebye2i@vimeo.com,Mobile,351-(276)969-9258,0Za2Xa,1962,Female,TRUE
92,Yellop,Bruis,byellop2j@google.com.br,Mobile,86-(127)695-3863,TWi0XI1,1984,Male,TRUE
93,Artharg,Gayle,gartharg2k@independent.co.uk,Mobile,1-(233)123-9534,FIm8zI,1954,Male,TRUE
94,Duffrie,Peg,pduffrie2l@cnet.com,Mobile,7-(913)668-1598,Ij6Du5,1993,Female,TRUE
95,Meir,Packston,pmeir2m@samsung.com,Mobile,36-(239)828-6330,DSWXcPT,1944,Male,TRUE
96,Noot,Loralie,lnoot2n@feedburner.com,Mobile,356-(776)112-8756,PnXaAbss2,1997,Female,TRUE
97,Cassel,Kimberley,kcassel2o@soundcloud.com,Mobile,7-(479)874-5727,XBHerPrYWC,1976,Female,TRUE
98,Branson,Stefan,sbranson2p@earthlink.net,Mobile,86-(419)406-2172,wbo3EP2,1984,Male,TRUE
99,Licquorish,Leroy,llicquorish2q@dot.gov,Mobile,51-(831)116-3417,DvCwTtz5Q,1972,Male,TRUE
100,Hanbury,Beryl,bhanbury2r@blog.com,Mobile,420-(170)767-0830,B7hroHfqU,1965,Female,TRUE
101,Issett,Herc,hissett2s@tamu.edu,Mobile,420-(319)741-6485,s0KEuwc,1952,Male,TRUE
102,Poulglais,Bartholemy,bpoulglais2t@google.cn,Mobile,63-(558)532-5829,dyKGTVAr,2000,Male,TRUE
103,Zuan,Olive,ozuan2u@netscape.com,Mobile,86-(811)530-6181,pT9mz4P0HDsT,2003,Female,TRUE
104,Rowcastle,Bing,browcastle2v@indiatimes.com,Mobile,504-(291)753-6008,hnrieZN,1991,Male,TRUE
105,Knox,Bunni,bknox2w@vinaora.com,Mobile,63-(517)367-6116,xeYtHz52W,1971,Female,TRUE
106,Bamblett,Cherilynn,cbamblett2x@japanpost.jp,Mobile,502-(830)221-0033,8NQX8bMPOgGK,1995,Female,TRUE
107,Dronsfield,Kaylee,kdronsfield2y@cnet.com,Mobile,86-(926)477-9233,TSG1BPn,1950,Female,TRUE
108,Bensusan,Emlynn,ebensusan2z@hc360.com,Mobile,86-(222)385-3376,UVSCiWv7L,1984,Female,TRUE
109,Muzzini,Jourdan,jmuzzini30@seattletimes.com,Mobile,49-(372)720-4065,Uw58z7CS,1966,Female,TRUE
110,Jillings,Margaretha,mjillings31@yellowbook.com,Mobile,86-(717)705-5595,5avLashHXa3,1983,Female,TRUE
111,Norster,Janean,jnorster32@instagram.com,Mobile,7-(258)585-1061,yYrNNHPu66M,1985,Female,TRUE
112,Roscamps,Darryl,droscamps33@mapy.cz,Mobile,48-(578)375-5273,wFpByn14,1964,Male,TRUE
113,Yurivtsev,Gwen,gyurivtsev34@home.pl,Mobile,62-(923)601-3982,w72ejemlO,1989,Female,TRUE
114,Calbaithe,Kamillah,kcalbaithe35@chron.com,Mobile,33-(310)331-7984,86fQ6ZAXs,1943,Female,TRUE
115,Jarmain,Chris,cjarmain36@prlog.org,Mobile,48-(146)524-8901,ljnEjzpoXx,1997,Female,TRUE
116,Bryenton,Marlyn,mbryenton37@quantcast.com,Mobile,62-(408)204-2495,NqmiLCtwSHt,1967,Female,TRUE
117,Maving,Micheline,mmaving38@utexas.edu,Mobile,52-(836)232-8564,r6Z8BWdwqFB,1965,Female,TRUE
118,Lamar,Delano,dlamar39@typepad.com,Mobile,86-(633)335-9133,0wvFfwmE7QC,2001,Male,TRUE
119,Palser,Otto,opalser3a@oracle.com,Mobile,223-(409)102-7479,XtqlQKlrP8gi,1965,Male,TRUE
120,Verryan,Jozef,jverryan3b@livejournal.com,Mobile,63-(380)401-8698,1cWCuUSK,1955,Male,TRUE
121,Gilpillan,Zora,zgilpillan3c@vistaprint.com,Mobile,46-(514)735-8637,fCMm3AGq,1990,Female,TRUE
122,Cuniffe,Dorena,dcuniffe3d@un.org,Mobile,30-(285)288-6906,Oi12Z0,1989,Female,TRUE
123,Kretschmer,Nissa,nkretschmer3e@t.co,Mobile,86-(816)483-6541,sWfi64PI8RTQ,1983,Female,TRUE
124,Leason,Bee,bleason3f@ycombinator.com,Mobile,31-(280)422-5008,mu0DroQnq,1970,Female,TRUE
125,Asbury,Kennith,kasbury3g@latimes.com,Mobile,62-(889)437-9417,twnrXN9I5,1948,Male,TRUE
126,Clarabut,Delmar,dclarabut3h@edublogs.org,Mobile,54-(265)764-1533,x2XPnklvf6Md,1956,Male,TRUE
127,Tunder,Sylvester,stunder3i@vinaora.com,Mobile,62-(997)439-5333,lTudb4,1959,Male,TRUE
128,Heustice,Towney,theustice3j@tripod.com,Mobile,351-(647)176-3974,3AgNmMiXFy,2002,Male,TRUE
129,Kelsell,Duke,dkelsell3k@earthlink.net,Mobile,47-(643)733-6226,LF2Nbqag1,1952,Male,TRUE
130,Potapczuk,Maribeth,mpotapczuk3l@example.com,Mobile,86-(935)936-1735,i0zxWEp,1943,Female,TRUE
131,Physick,Harwilll,hphysick3m@dedecms.com,Mobile,63-(614)687-6797,vr4xUabnY,1962,Male,TRUE
132,Arthan,Stacee,sarthan3n@weibo.com,Mobile,55-(459)377-9018,jDg7SvWAnX,2000,Female,TRUE
133,Leman,Gusti,gleman3o@i2i.jp,Mobile,352-(475)549-3451,wQFpBsAOcz,1994,Female,TRUE
134,Malmar,Gordan,gmalmar3p@ocn.ne.jp,Mobile,86-(301)104-5780,ZLcbeJgKg,1984,Male,TRUE
135,Lanfranchi,Filippa,flanfranchi3q@naver.com,Mobile,55-(819)659-0100,BDdvYeT,1964,Female,TRUE
136,Assante,Kendrick,kassante3r@kickstarter.com,Mobile,850-(372)554-1713,B0B3pWYGtxaW,1997,Male,TRUE
137,Collens,Ryan,rcollens3s@list-manage.com,Mobile,358-(646)473-2765,4PI6Nc2c,1983,Male,TRUE
138,Scolli,Olly,oscolli3t@zdnet.com,Mobile,46-(267)680-4327,oHGeQPtbJrQQ,1986,Male,TRUE
139,Peggram,Kamillah,kpeggram3u@macromedia.com,Mobile,63-(913)995-3503,qwwIzS9pQCu,2002,Female,TRUE
140,Mc Curlye,Cal,cmccurlye3v@nytimes.com,Mobile,27-(200)600-4031,qz7ZLam,1979,Female,TRUE
141,Bricket,Ferne,fbricket3w@oracle.com,Mobile,63-(598)722-9313,QjB5EV6fk,2005,Female,TRUE
142,Pargiter,Camila,cpargiter3x@mediafire.com,Mobile,62-(999)783-2104,LPFi8hoKOK,1957,Female,TRUE
143,Boniface,Nadean,nboniface3y@cbslocal.com,Mobile,86-(133)692-2013,Fnp6fT,1944,Female,TRUE
144,Caulder,Titos,tcaulder3z@apache.org,Mobile,31-(900)353-8051,RDAlItDkG8KL,1948,Male,TRUE
145,Killock,Anastassia,akillock40@npr.org,Mobile,63-(474)182-1891,rh3VI4,1949,Female,TRUE
146,Kitchingman,Niven,nkitchingman41@csmonitor.com,Mobile,55-(552)449-5282,UTzaPeUs,1977,Male,TRUE
147,Pointer,Lory,lpointer42@whitehouse.gov,Mobile,86-(973)981-4800,D5YeTo0Rtb,1942,Female,TRUE
148,Dunbabin,Obediah,odunbabin43@cpanel.net,Mobile,62-(413)955-0135,HjN1gmYJO0G,1947,Male,TRUE
149,Maciaszczyk,Arlyn,amaciaszczyk44@vkontakte.ru,Mobile,86-(387)524-4539,pp2nW7uoY,1956,Female,TRUE
150,Goodsall,Rodie,rgoodsall45@msu.edu,Mobile,86-(615)878-5048,sDtx33ZdH8Q,1949,Female,TRUE
151,Witts,Ardisj,awitts46@cbc.ca,Mobile,33-(482)645-7229,4ELJ6pHC,1949,Female,TRUE
152,Castaignet,Cathyleen,ccastaignet47@aol.com,Mobile,63-(726)533-3593,dxqsb2P,2002,Female,TRUE
153,Goggen,Gerek,ggoggen48@apple.com,Mobile,86-(742)706-6217,Ixt61dfJkc,1948,Male,TRUE
154,Wroughton,Martainn,mwroughton49@drupal.org,Mobile,63-(246)770-2000,3gBG3s8RhX8,1999,Male,TRUE
155,Piatkowski,Amitie,apiatkowski4a@unblog.fr,Mobile,84-(784)513-6861,gmAGGKd8Ot,2002,Female,TRUE
156,Wathell,Humfried,hwathell4b@berkeley.edu,Mobile,52-(782)793-0064,kFYWa7kYN,1970,Male,TRUE
157,Snelman,Tedra,tsnelman4c@nih.gov,Mobile,86-(922)424-7327,fkTSgjk,2004,Female,TRUE
158,Duchart,Donnamarie,dduchart4d@japanpost.jp,Mobile,63-(172)599-5821,zGnImTp,1955,Female,TRUE
159,Willan,Shaw,swillan4e@dion.ne.jp,Mobile,966-(218)439-2437,ZA1Kt82Y,1971,Male,TRUE
160,Priestland,Ardys,apriestland4f@nifty.com,Mobile,86-(826)680-6232,2JdcENInrRT,1970,Female,TRUE
161,Polye,Jeannette,jpolye4g@livejournal.com,Mobile,27-(768)778-9516,x5MysXOQ,1971,Female,TRUE
162,Aireton,Noah,naireton4h@java.com,Mobile,39-(178)417-0042,D89zwk,1958,Male,TRUE
163,Totterdell,Tildie,ttotterdell4i@whitehouse.gov,Mobile,46-(242)105-4788,szCmmZCp,1952,Female,TRUE
164,Cavy,Reginald,rcavy4j@jiathis.com,Mobile,86-(581)261-1842,P2BOwjb,1956,Male,TRUE
165,Kaysor,Alida,akaysor4k@google.com.au,Mobile,52-(531)767-5300,nogfQNWqL,1960,Female,TRUE
166,Salt,Demetre,dsalt4l@chicagotribune.com,Mobile,55-(259)154-4574,fHZxSpy,1986,Male,TRUE
167,China,Obadias,ochina4m@so-net.ne.jp,Mobile,62-(853)680-0570,BFj9ph4yicj,1980,Male,TRUE
168,Godly,Jena,jgodly4n@kickstarter.com,Mobile,225-(283)378-6088,ROwDelNh,1959,Female,TRUE
169,Eadmead,Thea,teadmead4o@example.com,Mobile,234-(633)728-2904,FSAIzp6J,1972,Female,TRUE
170,Aveling,Alameda,aaveling4p@amazon.co.uk,Mobile,967-(376)204-8850,obKFow,1981,Female,TRUE
171,Piquard,Adriano,apiquard4q@newyorker.com,Mobile,998-(927)286-6167,WRl0UV6Cg,1949,Male,TRUE
172,Instock,Delaney,dinstock4r@craigslist.org,Mobile,86-(961)913-7798,lwvZLQAUw,1975,Male,TRUE
173,Moncarr,Marguerite,mmoncarr4s@webmd.com,Mobile,976-(303)472-8296,TJT64aNam,1956,Female,TRUE
174,Brizell,Farah,fbrizell4t@com.com,Mobile,380-(502)509-3704,C2DL7V,1984,Female,TRUE
175,Burgisi,Leigh,lburgisi4u@goo.gl,Mobile,380-(399)483-5341,joKYLJx5,1999,Female,TRUE
176,Loukes,Ramon,rloukes4v@aboutads.info,Mobile,355-(908)145-3322,uR2Jd208oNAT,1948,Male,TRUE
177,Calwell,Priscilla,pcalwell4w@opensource.org,Mobile,53-(373)943-1493,BzSZ3wyk,1968,Female,TRUE
178,Winham,Freddi,fwinham4x@china.com.cn,Mobile,56-(847)392-0402,jlInHLr,1965,Female,TRUE
179,Osgordby,Lev,losgordby4y@odnoklassniki.ru,Mobile,66-(478)810-0099,3MlIn4,1972,Male,TRUE
180,Vickar,Reeta,rvickar4z@baidu.com,Mobile,60-(986)557-8906,2A97A0Hg9q,1942,Female,TRUE
181,Woodall,Emlyn,ewoodall50@bloglines.com,Mobile,62-(724)234-7575,3xblSt8LFHn,1970,Male,TRUE
182,Compford,Linda,lcompford51@unc.edu,Mobile,30-(814)106-4989,2KAloV28b,1972,Female,TRUE
183,Dudson,Ileana,idudson52@cafepress.com,Mobile,7-(611)949-9832,fUSS4Bxsr,1945,Female,TRUE
184,Fountian,Jeremiah,jfountian53@yahoo.co.jp,Mobile,86-(612)984-5028,ee6YHDdS,1970,Male,TRUE
185,Pina,Golda,gpina54@statcounter.com,Mobile,48-(867)570-1296,JAZdky,1976,Female,TRUE
186,Grogono,Belia,bgrogono55@zimbio.com,Mobile,86-(398)259-7143,S6LfM5ut,1997,Female,TRUE
187,Limpkin,Perkin,plimpkin56@histats.com,Mobile,86-(805)662-6582,58RsEsDn,1987,Male,TRUE
188,Rawlin,Jone,jrawlin57@cisco.com,Mobile,86-(438)871-6558,vSb3rjmM,2001,Male,TRUE
189,Smout,Galvin,gsmout58@nifty.com,Mobile,994-(814)465-0936,z6LK28xJhvc,1960,Male,TRUE
190,MacTerrelly,Katharine,kmacterrelly59@cnn.com,Mobile,62-(654)987-4896,uUlgPqo7,1940,Female,TRUE
191,Dimmick,Merwyn,mdimmick5a@mozilla.org,Mobile,66-(247)839-8947,CbkFG4Qv7YR,2001,Male,TRUE
192,Ortsmann,Tony,tortsmann5b@yahoo.com,Mobile,994-(336)864-0792,mkr2HMEj5hb,1997,Female,TRUE
193,Antonomoli,Dex,dantonomoli5c@oakley.com,Mobile,98-(558)744-5405,IEcCU3Cwxnj,1955,Male,TRUE
194,Allcroft,Jourdan,jallcroft5d@google.ca,Mobile,351-(310)110-7901,FhinqHe,2005,Female,TRUE
195,Hartell,Scot,shartell5e@google.com.au,Mobile,62-(969)982-6846,9hkMqzI1k,1940,Male,TRUE
196,Noen,Ferd,fnoen5f@google.de,Mobile,226-(329)269-8136,7VPH27o,1966,Male,TRUE
197,Yakebovich,Herby,hyakebovich5g@elpais.com,Mobile,86-(635)876-2734,FEFMgTU8UY,1992,Male,TRUE
198,Batter,Demeter,dbatter5h@webnode.com,Mobile,389-(667)104-8363,3x0z6J00UEB,1951,Female,TRUE
199,Laing,Oates,olaing5i@gizmodo.com,Mobile,375-(852)214-0636,4zbhPLlHS7,1967,Male,TRUE
200,Archambault,Beck,barchambault5j@skype.com,Mobile,86-(477)546-3068,ZOV1AU,1988,Male,TRUE
201,Boness,Johnnie,jboness5k@123-reg.co.uk,Mobile,66-(435)884-8609,6j1uNLQtC3DP,1996,Male,TRUE
202,Spoerl,Percy,pspoerl5l@nbcnews.com,Mobile,86-(580)336-1670,Y2UHBx2mwY,1960,Male,TRUE
203,Ritchie,Shellysheldon,sritchie5m@shinystat.com,Mobile,86-(174)877-3057,r9Uenml,1992,Male,TRUE
204,Mitchenson,Lion,lmitchenson5n@cnbc.com,Mobile,1-(518)748-8433,mXgEoLOjyD,1985,Male,TRUE
205,Sumpner,Genna,gsumpner5o@themeforest.net,Mobile,86-(463)233-0936,T9Z4I4mM1Apr,1989,Female,TRUE
206,Liepmann,Wilton,wliepmann5p@redcross.org,Mobile,43-(317)670-0779,LdnD1Qz5psK,1957,Male,TRUE
207,Weighell,Reese,rweighell5q@webnode.com,Mobile,1-(576)412-3792,K8For2tq,1967,Male,TRUE
208,Penswick,Orelle,openswick5r@slashdot.org,Mobile,49-(562)498-8620,JwhW0neIA,1986,Female,TRUE
209,Iley,Joshuah,jiley5s@answers.com,Mobile,62-(787)421-6103,MuyqI7z,1960,Male,TRUE
210,Molloy,Ev,emolloy5t@mlb.com,Mobile,351-(402)581-9553,HUvnn8,1946,Male,TRUE
211,Wozencraft,Veronique,vwozencraft5u@etsy.com,Mobile,351-(152)235-8379,0B3vZjj,1988,Female,TRUE
212,Busse,Dore,dbusse5v@google.com.br,Mobile,7-(244)723-4880,LQ2ZaPAqIio,2005,Female,TRUE
213,Pimm,Meridith,mpimm5w@hhs.gov,Mobile,420-(410)891-9033,zTgWgSHKTYf,1979,Female,TRUE
214,Umbers,Ralf,rumbers5x@wikispaces.com,Mobile,420-(975)383-6218,PpSq9F8iYu,1961,Male,TRUE
215,Gutridge,Mathew,mgutridge5y@mediafire.com,Mobile,98-(820)318-2872,UCGqwGgya,1989,Male,TRUE
216,Soeiro,Reilly,rsoeiro5z@nsw.gov.au,Mobile,86-(227)819-3219,hwhaDoBdN,1977,Male,TRUE
217,Doak,Joann,jdoak60@hugedomains.com,Mobile,63-(508)781-9728,71RY42IIXmjo,1942,Female,TRUE
218,Durman,Deena,ddurman61@prlog.org,Mobile,351-(454)230-3914,3uPCDp,1950,Female,TRUE
219,Kalinovich,Sigismondo,skalinovich62@multiply.com,Mobile,54-(942)673-9076,ghR5DE8,2005,Male,TRUE
220,McGivena,Kerwin,kmcgivena63@privacy.gov.au,Mobile,86-(184)720-6726,RQaweiyX,1999,Male,TRUE
221,Parfrey,Giffard,gparfrey64@telegraph.co.uk,Mobile,593-(584)994-3281,Widlt8a2H,1991,Male,TRUE
222,Guild,Emogene,eguild65@live.com,Mobile,46-(426)598-7021,7w3JXJ5nkVd,1987,Female,TRUE
223,Windley,Larissa,lwindley66@livejournal.com,Mobile,33-(293)348-6218,u11CABl,1944,Female,TRUE
224,Metcalfe,Eziechiele,emetcalfe67@delicious.com,Mobile,33-(801)684-4795,kwKpHtgHM,1974,Male,TRUE
225,Fernan,Leonora,lfernan68@harvard.edu,Mobile,53-(563)367-8957,Bhb3jZbjkXSJ,1996,Female,TRUE
226,Bispham,Corly,cbispham69@cmu.edu,Mobile,965-(297)964-8216,8aQYSOXD,1986,Female,TRUE
227,Fountaine,Alonso,afountaine6a@skype.com,Mobile,84-(670)884-5842,IDWhkORHvqm,1960,Male,TRUE
228,Fyers,Gretta,gfyers6b@go.com,Mobile,358-(824)768-3987,3oIIEM5GB3a,1986,Female,TRUE
229,Pallesen,Shawnee,spallesen6c@xing.com,Mobile,86-(470)372-8270,EmpCkoc,1987,Female,TRUE
230,Langman,Ciel,clangman6d@nbcnews.com,Mobile,62-(513)807-2425,gJh3jdYJn,1966,Female,TRUE
231,Toretta,Dorrie,dtoretta6e@mtv.com,Mobile,86-(823)253-1492,I6msOJVnm,1959,Female,TRUE
232,Goodsir,Maddy,mgoodsir6f@npr.org,Mobile,62-(128)908-2443,hSZkqO7,1981,Male,TRUE
233,Markus,Frasco,fmarkus6g@mozilla.org,Mobile,55-(869)257-4886,Xf5wKA2J,1993,Male,TRUE
234,Denniss,Cy,cdenniss6h@gov.uk,Mobile,86-(911)645-0117,ZWVsscJ8I,1941,Male,TRUE
235,Start,Randolf,rstart6i@yandex.ru,Mobile,977-(245)618-7816,reJVqU,1991,Male,TRUE
236,Tomlett,Winne,wtomlett6j@php.net,Mobile,63-(643)181-9358,v3MrGLlEX,1971,Female,TRUE
237,Pendrick,Giff,gpendrick6k@zimbio.com,Mobile,86-(936)331-8964,Efs941,1997,Male,TRUE
238,Jinda,Tamas,tjinda6l@nih.gov,Mobile,62-(219)739-2824,Kygehu,1989,Male,TRUE
239,Trevaskis,Hodge,htrevaskis6m@squarespace.com,Mobile,86-(855)603-7846,FQ0QzFaC,1999,Male,TRUE
240,Redholes,Jennie,jredholes6n@dropbox.com,Mobile,63-(188)767-0524,1KEFiuar8mO,1953,Female,TRUE
241,Pimlett,Willyt,wpimlett6o@cdc.gov,Mobile,234-(466)781-0246,agSTE1UBpUD,1952,Female,TRUE
242,Gianasi,Rawley,rgianasi6p@myspace.com,Mobile,53-(723)276-1596,Xi6gAm,1951,Male,TRUE
243,Springthorpe,Margi,mspringthorpe6q@multiply.com,Mobile,55-(241)710-6391,zZadcQS39,1970,Female,TRUE
244,Maldin,Elroy,emaldin6r@xing.com,Mobile,57-(106)533-3796,ZupvpiX,1950,Male,TRUE
245,Goodridge,Dore,dgoodridge6s@seattletimes.com,Mobile,31-(396)820-6209,MUYFU7rAt3a,2001,Male,TRUE
246,Brockhurst,Randie,rbrockhurst6t@elegantthemes.com,Mobile,48-(108)287-3898,aXRhuRAJ,1982,Female,TRUE
247,Labell,Joanie,jlabell6u@netscape.com,Mobile,7-(111)733-9773,INVTQjINaV,1995,Female,TRUE
248,Seston,Madge,mseston6v@booking.com,Mobile,55-(920)651-5756,44eL9g5gtE,1989,Female,TRUE
249,Benford,Christoper,cbenford6w@mlb.com,Mobile,63-(409)353-0728,8a41bjGhvljO,1985,Male,TRUE
250,Josiah,Britte,bjosiah6x@ihg.com,Mobile,57-(584)745-3070,mowXyrS,1960,Female,TRUE
251,Gawthrop,Shaun,sgawthrop6y@icio.us,Mobile,63-(169)634-8235,3RzsMa9Ped,2002,Female,TRUE
252,Church,Darrin,dchurch6z@last.fm,Mobile,86-(816)647-2320,wJUJTAb,1957,Male,TRUE
253,Lethieulier,Georgianna,glethieulier70@yellowpages.com,Mobile,62-(745)864-3297,2cjgdb,1959,Female,TRUE
254,Niesing,Claudette,cniesing71@printfriendly.com,Mobile,595-(441)598-6279,M751EVuJtV,1957,Female,TRUE
255,Dikelin,Shep,sdikelin72@yellowbook.com,Mobile,212-(934)902-9731,W53hS2,2004,Male,TRUE
256,Coweuppe,Roda,rcoweuppe73@umich.edu,Mobile,86-(877)573-8845,Ezz4TX4EBw,1966,Female,TRUE
257,Antliff,Abbot,aantliff74@psu.edu,Mobile,62-(839)815-2588,RRssf4k0,1962,Male,TRUE
258,Jenton,Wilhelm,wjenton75@xing.com,Mobile,86-(844)621-6381,IkTFpBe6,1970,Male,TRUE
259,Esley,Petronille,pesley76@fastcompany.com,Mobile,7-(555)546-9200,OFM1ulXeH,1976,Female,TRUE
260,McCole,Phillie,pmccole77@rediff.com,Mobile,66-(500)957-5217,0jnpdRfpf9M,1982,Female,TRUE
261,Peeters,Vernice,vpeeters78@imgur.com,Mobile,62-(316)789-0484,VcuPpFL5m,1952,Female,TRUE
262,Depke,Hiram,hdepke79@yahoo.com,Mobile,389-(318)721-6414,gCJ4fn,1987,Male,TRUE
263,Rosenbusch,Maggi,mrosenbusch7a@lulu.com,Mobile,54-(681)329-6870,DkeLqOtU0,1990,Female,TRUE
264,Jedraszczyk,Nicolai,njedraszczyk7b@weibo.com,Mobile,55-(258)770-2174,NU5fbA,1943,Male,TRUE
265,Temperton,Itch,itemperton7c@wired.com,Mobile,81-(243)244-8856,ARTT0T,1979,Male,TRUE
266,Spavon,Kizzie,kspavon7d@typepad.com,Mobile,996-(191)876-4358,dkLnqq,1949,Female,TRUE
267,Liddle,Kenny,kliddle7e@google.cn,Mobile,7-(940)316-6629,25RB1NCrh4Y,1967,Male,TRUE
268,Vauls,Kirby,kvauls7f@state.tx.us,Mobile,57-(405)517-8484,1dydLXj9,1956,Male,TRUE
269,Sargeaunt,Jodie,jsargeaunt7g@goo.ne.jp,Mobile,502-(934)772-9496,RC0Qdi,1947,Male,TRUE
270,Manderson,Olympie,omanderson7h@sfgate.com,Mobile,86-(902)257-9749,x17R1PpbX1,1967,Female,TRUE
271,Beney,Fredric,fbeney7i@google.de,Mobile,51-(151)521-7641,nlP0u0S,1984,Male,TRUE
272,Odcroft,Beverlie,bodcroft7j@cnbc.com,Mobile,55-(910)679-2937,6XQ46DXRpVVK,1954,Female,TRUE
273,McCaighey,Debi,dmccaighey7k@princeton.edu,Mobile,62-(251)447-3872,dEdk65GRqWMx,1954,Female,TRUE
274,Kestle,Roarke,rkestle7l@plala.or.jp,Mobile,86-(233)494-0023,hqmrVPhrJqK1,1967,Male,TRUE
275,Brasener,Ambrosio,abrasener7m@miibeian.gov.cn,Mobile,7-(486)227-6725,EVYinUpy,1992,Male,TRUE
276,Decroix,Griz,gdecroix7n@imdb.com,Mobile,63-(287)746-8803,8FELQaOeyIz,1965,Male,TRUE
277,Shannahan,Kennett,kshannahan7o@home.pl,Mobile,375-(106)905-4386,gt9Yy2uE,1954,Male,TRUE
278,Abberley,Clarissa,cabberley7p@google.com.br,Mobile,48-(782)226-9365,n44RZVJ,1987,Female,TRUE
279,Jedrachowicz,Burton,bjedrachowicz7q@pinterest.com,Mobile,46-(705)798-0339,5TR1LRTAXTMB,1970,Male,TRUE
280,Pretty,Cheri,cpretty7r@mit.edu,Mobile,63-(567)803-1681,v3XF1C,1955,Female,TRUE
281,Levinge,Ernie,elevinge7s@yellowbook.com,Mobile,86-(383)627-3620,HRnmoJZomkbu,1952,Male,TRUE
282,Waller-Bridge,Janaya,jwallerbridge7t@zimbio.com,Mobile,48-(681)989-1569,zytp7xm7C,1941,Female,TRUE
283,Brummell,Jori,jbrummell7u@trellian.com,Mobile,55-(539)608-8363,c56ym3uEeq,1998,Female,TRUE
284,Wanklyn,Nanny,nwanklyn7v@creativecommons.org,Mobile,54-(985)104-8225,9BuNxthF,1982,Female,TRUE
285,Ellesmere,Marlie,mellesmere7w@ca.gov,Mobile,86-(841)206-0702,XQtn6VBa3M6D,1987,Female,TRUE
286,Walkden,Roz,rwalkden7x@hhs.gov,Mobile,236-(199)900-2300,DK2rb4M,1951,Female,TRUE
287,Ceney,Teresa,tceney7y@photobucket.com,Mobile,53-(577)438-7237,FshR0MIjhQud,1968,Female,TRUE
288,Keddey,Ruben,rkeddey7z@github.io,Mobile,46-(929)687-8329,ZXSsWmv,1954,Male,TRUE
289,Madgwich,Rosalia,rmadgwich80@deliciousdays.com,Mobile,7-(163)754-6533,NOp2QFIc,1946,Female,TRUE
290,Igounet,Iseabal,iigounet81@time.com,Mobile,46-(864)669-5885,ddq5jp2jhlg,1962,Female,TRUE
291,Mangan,Tawsha,tmangan82@yahoo.com,Mobile,63-(486)723-3406,epJehQ2,1988,Female,TRUE
292,Aguirre,Sam,saguirre83@zdnet.com,Mobile,30-(430)219-0047,Tt5ZLl,1951,Male,TRUE
293,Wemyss,Chane,cwemyss84@feedburner.com,Mobile,62-(688)888-1145,F7Eq4kNq,1990,Male,TRUE
294,Ossulton,Lindon,lossulton85@edublogs.org,Mobile,7-(707)375-4060,gKu8CH,1973,Male,TRUE
295,Danniell,Wylie,wdanniell86@eepurl.com,Mobile,880-(570)752-9399,maDf1u,1964,Male,TRUE
296,Greser,Lara,lgreser87@bloglines.com,Mobile,86-(370)702-5163,7UlJKOR5L,1975,Female,TRUE
297,Nott,Adelle,anott88@dion.ne.jp,Mobile,86-(914)583-5985,cL0Zt2xjTgwi,1988,Female,TRUE
298,Colegate,Cullin,ccolegate89@tripod.com,Mobile,51-(895)114-1089,b2Lh2DQwl2R,1995,Male,TRUE
299,Hallgalley,Yasmin,yhallgalley8a@weibo.com,Mobile,52-(595)573-5424,gesV4SDhUGIh,1971,Female,TRUE
300,Prester,Gabie,gprester8b@t.co,Mobile,7-(140)316-1108,04CRYGo99pX,1976,Female,TRUE
301,McCarver,Steffane,smccarver8c@topsy.com,Mobile,55-(492)367-0124,5fctFHdr,1947,Female,TRUE
302,Valek,Edgar,evalek8d@tripod.com,Mobile,7-(962)258-8542,8jad7f,1990,Male,TRUE
303,Trillo,Aleksandr,atrillo8e@hugedomains.com,Mobile,86-(950)214-8992,GcitvEjz,2003,Male,TRUE
304,Pacht,Cordey,cpacht8f@mapy.cz,Mobile,52-(114)487-4325,ChZxVIVsdtk5,1972,Female,TRUE
305,McGaw,Terza,tmcgaw8g@house.gov,Mobile,49-(761)333-5964,HR62f82RCZH,1946,Female,TRUE
306,Taylo,Brannon,btaylo8h@irs.gov,Mobile,1-(781)924-1381,dxkJYV4fLy,1993,Male,TRUE
307,Guillford,Germaine,gguillford8i@auda.org.au,Mobile,66-(537)439-5823,QELnHqe,1965,Male,TRUE
308,Ennew,Merrill,mennew8j@ihg.com,Mobile,63-(129)386-5377,qYd3zd,1996,Female,TRUE
309,Matasov,Pall,pmatasov8k@yahoo.co.jp,Mobile,62-(762)787-7256,hA66S1H1,1996,Male,TRUE
310,Niccolls,Leanor,lniccolls8l@cam.ac.uk,Mobile,48-(134)978-1522,S23l4dBFtSF,1955,Female,TRUE
311,Cobbin,Jonathon,jcobbin8m@discuz.net,Mobile,51-(519)839-0371,hxGgCZt,1946,Male,TRUE
312,Lamy,Hildagard,hlamy8n@1und1.de,Mobile,351-(999)392-0800,0lZJ1G6KqHt,1961,Female,TRUE
313,Melarkey,Warden,wmelarkey8o@purevolume.com,Mobile,62-(587)941-9167,5wt1R8D9,2005,Male,TRUE
314,Arpur,Melita,marpur8p@nydailynews.com,Mobile,7-(558)461-5262,soaSUz7g16Ud,1963,Female,TRUE
315,McGonnell,Minerva,mmcgonnell8q@baidu.com,Mobile,351-(135)189-8551,16EqSTeGR56,1945,Female,TRUE
316,Eltringham,Con,celtringham8r@ustream.tv,Mobile,46-(323)316-5957,CPX4XRia,1995,Female,TRUE
317,Gullis,Mick,mgullis8s@state.tx.us,Mobile,84-(284)973-3516,Ib3OIYXcA,1984,Male,TRUE
318,Lochhead,Cirillo,clochhead8t@hatena.ne.jp,Mobile,86-(366)109-3383,udsqARet,1948,Male,TRUE
319,Mosdall,Mirna,mmosdall8u@lulu.com,Mobile,62-(202)687-8730,UQi5cGq,1958,Female,TRUE
320,Hutcheon,Beaufort,bhutcheon8v@mozilla.org,Mobile,63-(455)689-3952,lWAlbC3VeM,1946,Male,TRUE
321,Edgington,Dierdre,dedgington8w@imageshack.us,Mobile,66-(721)918-7511,CGtdIcWLtVTA,1940,Female,TRUE
322,Ginnelly,Ewart,eginnelly8x@spiegel.de,Mobile,62-(503)240-5017,3cPPOcJ9,1994,Male,TRUE
323,Mamwell,Lambert,lmamwell8y@statcounter.com,Mobile,86-(492)135-1124,tOjqj2,1980,Male,TRUE
324,Lampart,Golda,glampart8z@amazon.co.uk,Mobile,7-(912)934-0962,ilnWDs3Xe2,1973,Female,TRUE
325,Cudmore,Shelby,scudmore90@wsj.com,Mobile,48-(764)626-8083,yxOw8JS,1955,Male,TRUE
326,Allin,Milissent,mallin91@webs.com,Mobile,63-(520)601-5688,9KJgpFA3dYfy,1995,Female,TRUE
327,Gerritsma,Adaline,agerritsma92@posterous.com,Mobile,1-(209)318-2166,kMkyNH8K,1967,Female,TRUE
328,Keirl,Bryanty,bkeirl93@java.com,Mobile,95-(850)625-4569,qjBHQPP,1995,Male,TRUE
329,Falk,Gilbertina,gfalk94@t.co,Mobile,351-(336)834-0214,UcrW7WJa,1984,Female,TRUE
330,Scowen,Robinett,rscowen95@t-online.de,Mobile,62-(286)129-5183,P0vzpfn,1961,Female,TRUE
331,Askam,Federico,faskam96@e-recht24.de,Mobile,86-(115)828-3228,9ZsO0Kby7,1960,Male,TRUE
332,Hatherleigh,Bradan,bhatherleigh97@miitbeian.gov.cn,Mobile,86-(462)621-9717,4iLsYIrQhgvP,1998,Male,TRUE
333,Bottoms,Mace,mbottoms98@tiny.cc,Mobile,55-(175)950-4601,OL7mz4hW,1958,Male,TRUE
334,Ellam,Adlai,aellam99@mlb.com,Mobile,62-(576)228-6428,2SpEP8WO3c,2003,Male,TRUE
335,McClarence,Ninette,nmcclarence9a@chronoengine.com,Mobile,33-(524)175-2002,A5hQqC1x33U,1963,Female,TRUE
336,Filippucci,Beverley,bfilippucci9b@csmonitor.com,Mobile,52-(752)629-1139,srpcT1cbb,1942,Female,TRUE
337,Werendell,Gisela,gwerendell9c@census.gov,Mobile,504-(673)132-0536,4nTmKrqjsmh,1949,Female,TRUE
338,Whitebrook,Nat,nwhitebrook9d@freewebs.com,Mobile,86-(996)772-1074,DThEmXe,2002,Male,TRUE
339,Rendle,Aggi,arendle9e@soundcloud.com,Mobile,62-(504)191-2524,a1et7Yeobz,2003,Female,TRUE
340,Grimestone,Raeann,rgrimestone9f@zimbio.com,Mobile,46-(818)408-6314,gtnEhujyZwp,1955,Female,TRUE
341,Westney,Caldwell,cwestney9g@infoseek.co.jp,Mobile,359-(881)394-3156,irDPCc,1961,Male,TRUE
342,Josiah,Seymour,sjosiah9h@mit.edu,Mobile,970-(742)994-4759,uv5JzFgKCFGl,1952,Male,TRUE
343,Berrie,Sammy,sberrie9i@indiatimes.com,Mobile,34-(916)287-6145,p2U7btnNnl,1956,Male,TRUE
344,Fust,Tomaso,tfust9j@etsy.com,Mobile,62-(313)291-1534,a86L7U3Jq,1947,Male,TRUE
345,Durning,Shawn,sdurning9k@cnbc.com,Mobile,420-(707)184-4230,yrQCDtebP0ei,1963,Female,TRUE
346,McClymont,Ellene,emcclymont9l@themeforest.net,Mobile,63-(365)669-8062,hv7wErVRL,1959,Female,TRUE
347,Starkie,Iggy,istarkie9m@51.la,Mobile,86-(140)377-1109,KivfVlJ,1962,Male,TRUE
348,Leyborne,Hildy,hleyborne9n@discovery.com,Mobile,48-(154)510-1135,6tk9rAT,2000,Female,TRUE
349,Jordon,Augusto,ajordon9o@princeton.edu,Mobile,86-(863)134-7694,jacj9x33,1947,Male,TRUE
350,Bediss,Cyb,cbediss9p@cnbc.com,Mobile,86-(401)238-1610,dG8fqTw37,1943,Female,TRUE
351,Farries,Lillis,lfarries9q@cdc.gov,Mobile,374-(920)483-3108,aAsoV0N,1948,Female,TRUE
352,Bullan,Spenser,sbullan9r@cmu.edu,Mobile,351-(631)121-6343,j4g8JU,1982,Male,TRUE
353,Deare,Jozef,jdeare9s@list-manage.com,Mobile,95-(154)243-2476,dgW2LMlXjD4,1974,Male,TRUE
354,Thornally,Derk,dthornally9t@howstuffworks.com,Mobile,64-(238)433-8280,T69kO9Tn5u,1940,Male,TRUE
355,Vittet,Karoly,kvittet9u@lulu.com,Mobile,370-(605)109-0865,1BMN2n,1957,Male,TRUE
356,Castille,Herve,hcastille9v@toplist.cz,Mobile,351-(930)961-5701,rsRuD1vF,2005,Male,TRUE
357,Kemp,Ursala,ukemp9w@wordpress.org,Mobile,1-(331)479-8360,g732nnU,1967,Female,TRUE
358,Lathey,Leanora,llathey9x@barnesandnoble.com,Mobile,86-(814)580-3570,MFIz6qey,1952,Female,TRUE
359,Littrell,Dannie,dlittrell9y@seesaa.net,Mobile,1-(407)291-5072,5qWUKWXsc,1996,Female,TRUE
360,Ten Broek,Tudor,ttenbroek9z@skyrock.com,Mobile,63-(868)123-6791,KFhuJJy,1955,Male,TRUE
361,Millery,Lilla,lmillerya0@1688.com,Mobile,976-(965)292-0810,D4A005fyf38,1963,Female,TRUE
362,Davenhill,Reeba,rdavenhilla1@bloglines.com,Mobile,48-(359)221-0518,dirnTGE9tpnn,2002,Female,TRUE
363,Pirrone,Baxie,bpirronea2@hexun.com,Mobile,81-(946)281-2472,6SHehNOtU,1944,Male,TRUE
364,Lantoph,Dasya,dlantopha3@nymag.com,Mobile,48-(380)502-0234,tG6jlS,1971,Female,TRUE
365,MacRanald,Almeria,amacranalda4@globo.com,Mobile,1-(647)882-3633,iPZwxb8c,1961,Female,TRUE
366,Dorrell,Carroll,cdorrella5@nsw.gov.au,Mobile,1-(668)454-4520,mblEjb8R9a,1996,Female,TRUE
367,Langstrath,Violette,vlangstratha6@g.co,Mobile,86-(548)515-7140,enSkEcM9C,1964,Female,TRUE
368,Kuhwald,Kent,kkuhwalda7@photobucket.com,Mobile,86-(449)257-0228,lsnbuP,1996,Male,TRUE
369,Puddicombe,Domenic,dpuddicombea8@irs.gov,Mobile,62-(251)272-4699,LC3odh0WpxpC,1941,Male,TRUE
370,MacBrearty,Edsel,emacbreartya9@comcast.net,Mobile,380-(189)858-3516,fP1X0W,1948,Male,TRUE
371,Ranshaw,Fritz,franshawaa@geocities.jp,Mobile,58-(257)362-2775,5Fz5t9g,1987,Male,TRUE
372,Moreside,Sarine,smoresideab@slashdot.org,Mobile,351-(487)331-4359,rFpHV8x,2003,Female,TRUE
373,Jillins,Cassius,cjillinsac@behance.net,Mobile,234-(504)130-7296,nGjwgBQJN,1999,Male,TRUE
374,Udie,Giralda,gudiead@wsj.com,Mobile,1-(479)750-1523,NhmM0aYf8o,1949,Female,TRUE
375,Gouldthorpe,Silvia,sgouldthorpeae@cocolog-nifty.com,Mobile,84-(125)342-5198,ohiR8Bgf,1975,Female,TRUE
376,Lax,Waverly,wlaxaf@w3.org,Mobile,86-(562)413-7371,Wpoq7GJm6yT,1974,Male,TRUE
377,Hanney,Edythe,ehanneyag@technorati.com,Mobile,7-(517)898-8172,h1HTWIBfT0,1981,Female,TRUE
378,Wehnerr,Madel,mwehnerrah@zdnet.com,Mobile,33-(453)492-2079,1nspWC8z,1999,Female,TRUE
379,Szwandt,Nell,nszwandtai@themeforest.net,Mobile,505-(355)632-6607,YqqAVk,1950,Female,TRUE
380,Bowdler,Zebulon,zbowdleraj@google.co.uk,Mobile,386-(738)706-2688,zxGXmiSr,1987,Male,TRUE
381,Toseland,Cornell,ctoselandak@mapy.cz,Mobile,34-(652)959-2676,Uq9da8,1993,Male,TRUE
382,Petrillo,Lindsey,lpetrilloal@domainmarket.com,Mobile,374-(500)173-5834,Ip6MFluOWZ6,2003,Female,TRUE
383,Liddon,Elenore,eliddonam@livejournal.com,Mobile,81-(197)755-9836,qiVz3joRmfd9,1980,Female,TRUE
384,Mussotti,Jessalin,jmussottian@boston.com,Mobile,86-(271)474-9565,SRmJqZ75,1969,Female,TRUE
385,Pepperill,Germaine,gpepperillao@google.co.jp,Mobile,62-(858)816-3558,xL4YSONFVF,1945,Male,TRUE
386,Crilley,Jakob,jcrilleyap@washington.edu,Mobile,33-(650)169-5917,nXcmVBCOQn,1996,Male,TRUE
387,Hallihan,Caroline,challihanaq@oaic.gov.au,Mobile,86-(336)499-5535,PVtmpqyQ1,1948,Female,TRUE
388,Di Pietro,Josey,jdipietroar@163.com,Mobile,48-(121)917-0061,P3G20e,1997,Female,TRUE
389,Brigshaw,Edmon,ebrigshawas@wix.com,Mobile,212-(341)585-3409,XfSP1wkpDeK,1954,Male,TRUE
390,Holtham,Michal,mholthamat@twitpic.com,Mobile,386-(480)546-3974,3jOTrkcbm,1953,Female,TRUE
391,Skynner,Nariko,nskynnerau@nasa.gov,Mobile,1-(228)404-4636,smeUHhmR,1999,Female,TRUE
392,Deners,Weston,wdenersav@bloglines.com,Mobile,86-(247)644-2971,aKLRW6Ca6,1954,Male,TRUE
393,Saffell,Charlot,csaffellaw@wikispaces.com,Mobile,46-(558)450-3246,V77H9zWuX9l,1996,Female,TRUE
394,Gilbank,Davine,dgilbankax@sciencedirect.com,Mobile,86-(515)111-9823,vAzdNo0DA,1942,Female,TRUE
395,Shovlar,Burr,bshovlaray@edublogs.org,Mobile,62-(504)298-5095,ORZ8scnRxuZt,1990,Male,TRUE
396,Krystek,Elizabet,ekrystekaz@free.fr,Mobile,62-(326)973-3745,imj5CCnpNVZm,1999,Female,TRUE
397,Shawley,Vernice,vshawleyb0@flavors.me,Mobile,353-(529)346-5232,CmpxMI6Vw6T,1994,Female,TRUE
398,Anyene,Kippar,kanyeneb1@sakura.ne.jp,Mobile,63-(600)752-3691,hSgxQJB5lXJ,1960,Male,TRUE
399,Kocher,Legra,lkocherb2@friendfeed.com,Mobile,33-(487)310-3679,JV704nIwF,1959,Female,TRUE
400,Skarr,Moira,mskarrb3@toplist.cz,Mobile,62-(216)488-3794,OSd4CzSAe,1965,Female,TRUE
401,Sucre,Elsey,esucreb4@phoca.cz,Mobile,55-(351)813-1175,ea5K4IqtNTA,1980,Female,TRUE
402,Wardlaw,Teresa,twardlawb5@hhs.gov,Mobile,86-(192)327-3911,nfW0aZGiyW,1943,Female,TRUE
403,McGilroy,Stanly,smcgilroyb6@netlog.com,Mobile,62-(610)488-1198,icCzUmYgi,1949,Male,TRUE
404,Neumann,Stillman,sneumannb7@huffingtonpost.com,Mobile,62-(902)912-6285,lFJfWW,1949,Male,TRUE
405,Caldicot,Brand,bcaldicotb8@last.fm,Mobile,82-(635)717-7097,7xrNZ4,1968,Male,TRUE
406,Lamanby,Elyn,elamanbyb9@nba.com,Mobile,62-(138)559-2629,b6hW4LUuVuRq,1949,Female,TRUE
407,Beininck,Eleen,ebeininckba@cornell.edu,Mobile,380-(118)365-9200,LSesXNT,1965,Female,TRUE
408,Jouaneton,Prince,pjouanetonbb@ocn.ne.jp,Mobile,86-(449)319-6284,Yz611at,1999,Male,TRUE
409,Seeley,Darelle,dseeleybc@arstechnica.com,Mobile,66-(154)519-8636,VQLRMBRqI,1951,Female,TRUE
410,Peasey,Abbott,apeaseybd@icq.com,Mobile,57-(935)350-1865,24DL5be4jxkH,1983,Male,TRUE
411,Marks,Oliver,omarksbe@samsung.com,Mobile,86-(445)125-4246,fzFR1po,1993,Male,TRUE
412,Tropman,Raimundo,rtropmanbf@reference.com,Mobile,86-(616)955-5471,yLN79ac8M,1945,Male,TRUE
413,Sibson,Mahmoud,msibsonbg@tinypic.com,Mobile,54-(235)745-7337,HVG1PY,1967,Male,TRUE
414,Smogur,Alfi,asmogurbh@nsw.gov.au,Mobile,54-(171)904-5888,4CCCY8B2m4nc,1941,Female,TRUE
415,Estable,Noami,nestablebi@shinystat.com,Mobile,86-(706)798-4934,JBEapSfLXn7,2004,Female,TRUE
416,Benedyktowicz,Ramona,rbenedyktowiczbj@sfgate.com,Mobile,46-(434)532-3281,XfR04E,1958,Female,TRUE
417,Gounet,Coral,cgounetbk@soundcloud.com,Mobile,66-(743)826-4743,UOnsA9NusrhA,1998,Female,TRUE
418,Sauven,Martin,msauvenbl@webeden.co.uk,Mobile,63-(323)535-0539,IXRRMkG,1996,Male,TRUE
419,Chessman,Ortensia,ochessmanbm@apple.com,Mobile,86-(114)487-8054,rF1nENQUr,1981,Female,TRUE
420,Avramovich,Lavina,lavramovichbn@yahoo.com,Mobile,86-(188)963-8862,5A8fF23yU,1997,Female,TRUE
421,Fish,Haroun,hfishbo@gmpg.org,Mobile,506-(119)552-3062,owsqBX,2004,Male,TRUE
422,Khadir,Carri,ckhadirbp@godaddy.com,Mobile,66-(587)478-2223,KeAHyUal,1996,Female,TRUE
423,Westcot,Eb,ewestcotbq@gov.uk,Mobile,353-(137)759-6807,E0bBZdz,1976,Male,TRUE
424,Outerbridge,Daune,douterbridgebr@smugmug.com,Mobile,994-(534)286-6121,sydL31bul67,1944,Female,TRUE
425,Gordge,Melessa,mgordgebs@tamu.edu,Mobile,255-(531)876-5022,vkHOuaow,1983,Female,TRUE
426,Reubens,Alfie,areubensbt@quantcast.com,Mobile,52-(822)656-2915,T59Hjei,1992,Female,TRUE
427,Gorioli,Jeannine,jgoriolibu@sina.com.cn,Mobile,372-(475)650-7105,6Q9TWpaf,1985,Female,TRUE
428,Henrion,Trstram,thenrionbv@mayoclinic.com,Mobile,52-(208)642-1493,rA7lpZ,1986,Male,TRUE
429,Cruickshanks,Abner,acruickshanksbw@csmonitor.com,Mobile,1-(202)684-1943,xa0qkFG,2001,Male,TRUE
430,Oram,Marysa,morambx@seesaa.net,Mobile,86-(182)635-6546,1EqQ35BZPn2,1989,Female,TRUE
431,Gough,Maximilian,mgoughby@e-recht24.de,Mobile,84-(435)631-5461,vvzwh64H,2002,Male,TRUE
432,Gerler,Kaleena,kgerlerbz@digg.com,Mobile,351-(328)298-8312,GJR7EfySL,1977,Female,TRUE
433,Kunzelmann,Theodora,tkunzelmannc0@oakley.com,Mobile,358-(777)963-0297,3vVqdKbuKNA,1973,Female,TRUE
434,Roos,Cris,croosc1@storify.com,Mobile,48-(607)947-5208,myIQGPTg,1988,Male,TRUE
435,Ashfield,See,sashfieldc2@so-net.ne.jp,Mobile,31-(931)700-5912,fc8nba,1994,Male,TRUE
436,Asp,Tymon,taspc3@yellowbook.com,Mobile,86-(175)974-3292,bYo6zTRyZ,1990,Male,TRUE
437,Firebrace,Galvan,gfirebracec4@berkeley.edu,Mobile,86-(397)637-8256,G2lC83FB9EeM,1975,Male,TRUE
438,Swainger,Sayre,sswaingerc5@pinterest.com,Mobile,420-(362)508-8134,24aDvsdBH,1976,Male,TRUE
439,Dorrance,Milo,mdorrancec6@netscape.com,Mobile,691-(801)238-7369,HzTLkdJ,1957,Male,TRUE
440,Waghorn,Jacki,jwaghornc7@sphinn.com,Mobile,86-(435)150-7251,oypZc8,1969,Female,TRUE
441,Booler,Sydney,sboolerc8@hao123.com,Mobile,51-(564)812-8184,gEVYdxY9Yg,2000,Female,TRUE
442,Vakhrushin,Ferdinand,fvakhrushinc9@youku.com,Mobile,57-(216)404-6067,TmtQtu3MKlr,1952,Male,TRUE
443,Waliszek,Dore,dwaliszekca@rediff.com,Mobile,81-(632)195-2040,76u3pwFpXRSy,1947,Male,TRUE
444,Grummitt,Minny,mgrummittcb@ow.ly,Mobile,48-(296)560-3734,v9ceS78mX,1973,Female,TRUE
445,Abrami,Evelin,eabramicc@studiopress.com,Mobile,47-(992)525-6938,VppLcRM,1972,Male,TRUE
446,Vasyuchov,Dorine,dvasyuchovcd@canalblog.com,Mobile,86-(996)385-9039,yYhUN9gGej9p,1986,Female,TRUE
447,Castagnet,Jayne,jcastagnetce@usda.gov,Mobile,86-(991)913-6290,T1Av7J,1950,Female,TRUE
448,Graves,Renie,rgravescf@usa.gov,Mobile,420-(368)281-2131,TsX07W,1970,Female,TRUE
449,Hamshar,Yevette,yhamsharcg@360.cn,Mobile,383-(187)806-5522,yTwYJsyyZJ,1966,Female,TRUE
450,Wyllis,Verile,vwyllisch@amazon.co.jp,Mobile,63-(509)455-1277,dlib9n,1945,Female,TRUE
451,Chapelhow,Rodrique,rchapelhowci@nps.gov,Mobile,86-(425)105-7653,0BVUwrbFlEAn,1953,Male,TRUE
452,Brasner,Claudell,cbrasnercj@miitbeian.gov.cn,Mobile,63-(261)915-3900,wWMWNjpJmZn,1996,Male,TRUE
453,Clement,Iorgos,iclementck@scribd.com,Mobile,62-(770)221-8133,Ij12NNmAqkV,1959,Male,TRUE
454,Fawdry,Nissa,nfawdrycl@ucla.edu,Mobile,62-(533)747-1577,DTRxice,1980,Female,TRUE
455,Sheron,Theobald,tsheroncm@icq.com,Mobile,62-(817)962-4319,a0lOdq9I,2004,Male,TRUE
456,Robers,Deena,droberscn@nbcnews.com,Mobile,358-(972)853-6890,fZZmTwiYoKk,1960,Female,TRUE
457,Silberschatz,Reuven,rsilberschatzco@timesonline.co.uk,Mobile,46-(503)470-4632,1zWfMe3iRV,1960,Male,TRUE
458,Keay,Bartel,bkeaycp@discuz.net,Mobile,375-(286)994-9198,nJvbjBp,1990,Male,TRUE
459,Abys,Candie,cabyscq@wikispaces.com,Mobile,963-(648)511-8534,vqYEGs,1952,Female,TRUE
460,Durrell,Augustine,adurrellcr@privacy.gov.au,Mobile,256-(758)285-0858,VsK9wfCd,1958,Female,TRUE
461,Matevosian,Creighton,cmatevosiancs@slate.com,Mobile,7-(147)651-8951,UJz9YRWe,1985,Male,TRUE
462,Burgin,Bibby,bburginct@google.it,Mobile,48-(466)126-1612,753UmpedY4,1990,Female,TRUE
463,Bushell,Janette,jbushellcu@quantcast.com,Mobile,55-(446)977-3514,n09l1dKPsH,2001,Female,TRUE
464,Grimoldby,Angeli,agrimoldbycv@jalbum.net,Mobile,63-(295)778-1845,tYghUuBwN8,1963,Male,TRUE
465,Iddy,Spense,siddycw@harvard.edu,Mobile,84-(163)677-6695,yj8YZMlz0,1982,Male,TRUE
466,Davisson,Tiff,tdavissoncx@nbcnews.com,Mobile,84-(312)267-8813,aFmyeKyw,1944,Female,TRUE
467,Kidby,Thorstein,tkidbycy@virginia.edu,Mobile,57-(932)222-0286,fJN1Spc2H8t,1987,Male,TRUE
468,Marvelley,Robena,rmarvelleycz@dailymail.co.uk,Mobile,381-(633)113-0392,mDthwv,1953,Female,TRUE
469,Milson,Teodor,tmilsond0@businessinsider.com,Mobile,92-(130)271-5778,LZstz04mnmy,1950,Male,TRUE
470,Simonson,Camella,csimonsond1@bloglines.com,Mobile,234-(141)747-1186,zLA0NQz,1983,Female,TRUE
471,Catterall,Wade,wcatteralld2@webs.com,Mobile,86-(395)780-7743,G0kUInJF,2000,Male,TRUE
472,Stoller,Roma,rstollerd3@lycos.com,Mobile,62-(467)866-1840,2WC2O6p,1951,Male,TRUE
473,Slessar,Cassandry,cslessard4@cbslocal.com,Mobile,1-(718)894-4708,6lg6uQK,1961,Female,TRUE
474,Nutt,Gerladina,gnuttd5@biglobe.ne.jp,Mobile,62-(407)466-5890,j0nS87Rhvj,1957,Female,TRUE
475,McKniely,Kerwinn,kmcknielyd6@taobao.com,Mobile,63-(602)168-4936,OMOlZaIG,1963,Male,TRUE
476,Beven,Daryle,dbevend7@live.com,Mobile,7-(265)184-6886,ZFMgfmtpT,1975,Male,TRUE
477,Huebner,Benito,bhuebnerd8@wired.com,Mobile,351-(822)878-1089,VfUnr4WU1rF,1972,Male,TRUE
478,Janicki,Carissa,cjanickid9@independent.co.uk,Mobile,63-(997)559-2448,oPl18HwpC,1967,Female,TRUE
479,Turley,Lydon,lturleyda@apache.org,Mobile,48-(968)295-7203,IhmGqat,1996,Male,TRUE
480,Laux,Florida,flauxdb@tuttocitta.it,Mobile,998-(108)737-6747,faAcTGISzBo,1995,Female,TRUE
481,Pace,Juliane,jpacedc@exblog.jp,Mobile,62-(415)823-5586,q8RfhbLaLW,1947,Female,TRUE
482,Mc Ilory,Brana,bmcilorydd@wikia.com,Mobile,998-(417)153-8865,6x7VL0,1959,Female,TRUE
483,Asser,Katharina,kasserde@networkadvertising.org,Mobile,62-(445)435-7776,c2tUPuLl,1946,Female,TRUE
484,Cowdray,Werner,wcowdraydf@apple.com,Mobile,62-(740)773-8766,IfEaJt,1984,Male,TRUE
485,Parkman,Huntington,hparkmandg@goodreads.com,Mobile,86-(170)952-1028,AF9B3iv2Cy,1952,Male,TRUE
486,Stones,Maddi,mstonesdh@samsung.com,Mobile,63-(885)539-4915,Ut07xqJ9417n,1947,Female,TRUE
487,Burch,Midge,mburchdi@about.me,Mobile,63-(632)359-6102,B2DcX4Oi2zEO,1943,Female,TRUE
488,Budcock,Seamus,sbudcockdj@vinaora.com,Mobile,507-(212)580-1914,i6D4qC8E3f79,1940,Male,TRUE
489,Itschakov,Rubina,ritschakovdk@quantcast.com,Mobile,62-(108)991-6854,UCLzFwbOHF1,1969,Female,TRUE
490,Pantry,Willi,wpantrydl@theguardian.com,Mobile,81-(695)162-3370,CpGVytpZ6LvB,1949,Male,TRUE
491,Ellerman,Daloris,dellermandm@weibo.com,Mobile,371-(607)921-8547,iYJv9NER755,1940,Female,TRUE
492,Doonican,Ly,ldoonicandn@github.com,Mobile,237-(741)311-2348,C8tG9pkf,1954,Male,TRUE
493,Baitey,Huntlee,hbaiteydo@ovh.net,Mobile,58-(124)249-1658,FHFQv1FZwa,1966,Male,TRUE
494,Zappel,Cornelle,czappeldp@edublogs.org,Mobile,374-(775)814-9246,WIsrbvLQ,1943,Female,TRUE
495,Passfield,Cordie,cpassfielddq@plala.or.jp,Mobile,33-(913)285-9999,FMeTOL02,1994,Female,TRUE
496,Warby,Vinnie,vwarbydr@icio.us,Mobile,62-(864)306-1518,3FMkHQn3JCmc,1969,Male,TRUE
497,Lewry,Thatcher,tlewryds@shop-pro.jp,Mobile,86-(243)566-5054,jG2eTcUb1CW0,1973,Male,TRUE
498,Fauning,Boycey,bfauningdt@storify.com,Mobile,86-(496)663-8684,DYKbvV5N,1963,Male,TRUE
499,Dimberline,Craggie,cdimberlinedu@state.gov,Mobile,55-(255)111-7994,dNLgW60C,1980,Male,TRUE
500,Beecraft,Jillana,jbeecraftdv@acquirethisname.com,Mobile,1-(813)794-3834,4N9la2UKmIgK,1978,Female,TRUE
501,Sailes,Shawn,ssailesdw@simplemachines.org,Mobile,27-(436)148-5419,wrgfRWy3FB,1959,Male,TRUE
502,Grayer,Kenneth,kgrayerdx@accuweather.com,Mobile,62-(956)716-0927,tNmCp01e,1977,Male,TRUE
503,Bendle,Mike,mbendledy@baidu.com,Mobile,502-(749)246-2884,Hd1WykF0qz7S,2000,Male,TRUE
504,Wehden,Lalo,lwehdendz@cam.ac.uk,Mobile,7-(255)656-9377,yY3GwYcI,1953,Male,TRUE
505,Batcock,Bart,bbatcocke0@smh.com.au,Mobile,234-(559)386-8242,k0KJOC,1968,Male,TRUE
506,Pasquale,Ruthie,rpasqualee1@intel.com,Mobile,86-(570)307-8751,LKra2dGqL7Ov,1983,Female,TRUE
507,Bengtsson,Yehudi,ybengtssone2@facebook.com,Mobile,62-(184)357-6352,w80Ajqw7Nek,1985,Male,TRUE
508,Folbigg,Gottfried,gfolbigge3@nih.gov,Mobile,62-(558)921-9362,STbaITSVDsYh,1944,Male,TRUE
509,Nappin,Johnnie,jnappine4@bloglovin.com,Mobile,66-(753)993-6111,HBr3w2,1968,Male,TRUE
510,Yearns,Donny,dyearnse5@usgs.gov,Mobile,62-(573)246-6503,lKJ8Y524mu,1943,Female,TRUE
511,Crichten,Ramonda,rcrichtene6@canalblog.com,Mobile,675-(345)948-6366,fIfT3nENK,1949,Female,TRUE
512,Eisenberg,Agnola,aeisenberge7@java.com,Mobile,386-(555)320-4690,IP2LCkYUbvp,2001,Female,TRUE
513,Lee,Aldridge,aleee8@dailymail.co.uk,Mobile,62-(547)412-0167,otZBRhl,1978,Male,TRUE
514,Setterfield,Ramsay,rsetterfielde9@barnesandnoble.com,Mobile,56-(349)742-7562,GcBTUn,1965,Male,TRUE
515,Fenney,Freddy,ffenneyea@hostgator.com,Mobile,92-(927)339-0501,UxUgroDJMrj9,1948,Male,TRUE
516,Copelli,Alard,acopellieb@mapy.cz,Mobile,86-(122)999-8445,bmKFQC2LL,1992,Male,TRUE
517,McGhie,Sharlene,smcghieec@facebook.com,Mobile,44-(217)688-5626,EM3pkYjaOZb2,1955,Female,TRUE
518,McGoogan,Modesty,mmcgooganed@comsenz.com,Mobile,382-(437)727-8891,EqcMXSvHOl9,1986,Female,TRUE
519,Diggell,Aurelie,adiggellee@diigo.com,Mobile,86-(974)797-5449,apUQpxba5N,1959,Female,TRUE
520,Eamer,Whit,weameref@bbc.co.uk,Mobile,62-(971)617-9265,2yr34s,1955,Male,TRUE
521,Kiessel,Price,pkiesseleg@tmall.com,Mobile,33-(972)202-0259,zOZuCV2l3,1968,Male,TRUE
522,Hann,Lorry,lhanneh@lulu.com,Mobile,81-(304)880-7322,OXeW8lJ6EdK5,1988,Male,TRUE
523,Dhennin,Coleen,cdhenninei@cbc.ca,Mobile,380-(352)196-1919,aki8iF,1943,Female,TRUE
524,Marcq,Lutero,lmarcqej@weibo.com,Mobile,1-(713)328-5318,BOtQySRBe4,1950,Male,TRUE
525,Zanazzi,Francesca,fzanazziek@delicious.com,Mobile,57-(762)937-0790,IGGuVmdFJ,1971,Female,TRUE
526,Duigenan,Evelyn,eduigenanel@ebay.co.uk,Mobile,92-(585)226-1978,qjt29HFl,1940,Female,TRUE
527,McCrackan,Diandra,dmccrackanem@mtv.com,Mobile,420-(638)298-3671,vjTKPklmi,1947,Female,TRUE
528,McWhannel,Malachi,mmcwhannelen@nytimes.com,Mobile,33-(604)865-3451,pPetezn,1965,Male,TRUE
529,Wedmore,Ardys,awedmoreeo@nba.com,Mobile,33-(376)234-6569,XMuP2Nc,1952,Female,TRUE
530,Bengtson,Ilka,ibengtsonep@foxnews.com,Mobile,86-(463)136-6064,TburW9C3xE,1996,Female,TRUE
531,Mosedall,Kale,kmosedalleq@ask.com,Mobile,371-(400)625-9954,6GSAxlL,1984,Male,TRUE
532,Mandrey,Chanda,cmandreyer@pen.io,Mobile,382-(467)699-0630,zTgkXV1d,1956,Female,TRUE
533,Dowtry,Darrick,ddowtryes@geocities.com,Mobile,234-(124)871-4954,8p1Q72toZ,1940,Male,TRUE
534,Twinning,Yehudit,ytwinninget@netvibes.com,Mobile,62-(722)568-3506,teQpxZI02jZj,1971,Male,TRUE
535,de Clercq,Dorolice,ddeclercqeu@spiegel.de,Mobile,51-(632)232-9525,2ayoeNw,1983,Female,TRUE
536,Southard,Clemens,csouthardev@yahoo.co.jp,Mobile,62-(499)556-1043,8GG9hpzPyt,1951,Male,TRUE
537,McCrostie,Trevor,tmccrostieew@cargocollective.com,Mobile,7-(828)872-6463,wG6M1OHlg,1984,Male,TRUE
538,Saladino,Godart,gsaladinoex@google.com,Mobile,598-(814)450-7609,aRYo5icVUYX,1959,Male,TRUE
539,Bearham,Arley,abearhamey@cbsnews.com,Mobile,33-(693)635-1544,iUuz3DKDB7P,1959,Male,TRUE
540,Bodega,Ivan,ibodegaez@microsoft.com,Mobile,381-(389)843-2502,KcmhVN0CIdZu,1976,Male,TRUE
541,Deverose,Don,ddeverosef0@vistaprint.com,Mobile,33-(459)311-4577,gZKn428IgZ,2002,Male,TRUE
542,Di Biagi,Terrie,tdibiagif1@godaddy.com,Mobile,86-(226)253-6482,LVdc87a1lu,2000,Female,TRUE
543,Limming,Violette,vlimmingf2@engadget.com,Mobile,86-(154)374-6259,H3MxyqH,1977,Female,TRUE
544,Evens,Wenonah,wevensf3@zdnet.com,Mobile,7-(439)239-8569,iTNHbz8Y3,1986,Female,TRUE
545,Ralton,Robenia,rraltonf4@lulu.com,Mobile,46-(486)525-0718,rgONAQQM,1981,Female,TRUE
546,Mitchelmore,Carri,cmitchelmoref5@google.de,Mobile,370-(152)672-0376,JsKDgqgY0OqQ,1959,Female,TRUE
547,Claussen,Free,fclaussenf6@multiply.com,Mobile,256-(773)731-2901,fy5QJkcl,1967,Male,TRUE
548,Ortiga,Thatcher,tortigaf7@studiopress.com,Mobile,55-(154)508-0079,aisZaICBn3MF,1955,Male,TRUE
549,Gobell,Pen,pgobellf8@hao123.com,Mobile,64-(182)577-6280,JgXYOM,1940,Male,TRUE
550,Trumper,Kipp,ktrumperf9@nymag.com,Mobile,86-(728)970-4266,VxEFVV,1960,Female,TRUE
551,Fontell,Barbabas,bfontellfa@mapquest.com,Mobile,48-(827)881-7928,rCKvI8v,2004,Male,TRUE
552,Guswell,Kat,kguswellfb@facebook.com,Mobile,7-(461)395-1969,OwyTe9r,1967,Female,TRUE
553,Scotford,Doralia,dscotfordfc@live.com,Mobile,223-(961)293-6320,hWAHuoZ,2005,Female,TRUE
554,Genese,Morry,mgenesefd@house.gov,Mobile,86-(579)511-7175,4hzoXO4,1966,Male,TRUE
555,Lingard,Brittani,blingardfe@nature.com,Mobile,86-(657)322-2302,qyMg1B7XHf,1997,Female,TRUE
556,Murrells,Ferguson,fmurrellsff@miitbeian.gov.cn,Mobile,7-(482)735-5877,ZcbapdTD,1955,Male,TRUE
557,Swyndley,Sheridan,sswyndleyfg@illinois.edu,Mobile,351-(424)246-9799,3q9EXvCF,1977,Male,TRUE
558,Jephcote,Bellanca,bjephcotefh@wisc.edu,Mobile,1-(170)459-1824,dXtVs3j,1993,Female,TRUE
559,Dunning,Carie,cdunningfi@mysql.com,Mobile,86-(535)690-9942,SuGwkNvx,1990,Female,TRUE
560,Petrusch,Jedidiah,jpetruschfj@clickbank.net,Mobile,81-(369)563-9392,e0LifMtq,1990,Male,TRUE
561,Morewood,Andrus,amorewoodfk@over-blog.com,Mobile,86-(753)610-8069,4ECfAGjL,1940,Male,TRUE
562,Lathom,Rutledge,rlathomfl@unc.edu,Mobile,386-(332)553-6344,ReKxXAkmHtUE,1962,Male,TRUE
563,Maddick,Allistir,amaddickfm@usnews.com,Mobile,58-(580)976-6965,n6R7u7Cpif,1955,Male,TRUE
564,Barrick,Mortimer,mbarrickfn@kickstarter.com,Mobile,1-(229)986-9749,H0ZXrw,1955,Male,TRUE
565,Fidelus,Ephrayim,efidelusfo@quantcast.com,Mobile,62-(392)415-0667,oFkf0nt4,1956,Male,TRUE
566,Orringe,Judas,jorringefp@ucoz.com,Mobile,55-(282)407-8604,4i6sXbXqrl,1950,Male,TRUE
567,McAtamney,Tynan,tmcatamneyfq@nyu.edu,Mobile,63-(676)729-1801,fygLQK3uwF,1953,Male,TRUE
568,Basilio,Junette,jbasiliofr@hp.com,Mobile,55-(806)829-7322,TQjghQUC,1998,Female,TRUE
569,McMillan,Dian,dmcmillanfs@auda.org.au,Mobile,63-(413)278-2254,oBIipSz,1973,Female,TRUE
570,Mucklestone,Dorrie,dmucklestoneft@ed.gov,Mobile,7-(380)371-6180,vjEnBIQ6,1993,Female,TRUE
571,Petrulis,Iggie,ipetrulisfu@blinklist.com,Mobile,48-(865)404-9493,q4cYDw,1962,Male,TRUE
572,Graal,Zarla,zgraalfv@w3.org,Mobile,86-(139)745-7848,R7TTDe,1997,Female,TRUE
573,Gorton,Heindrick,hgortonfw@shop-pro.jp,Mobile,48-(106)900-5859,JaPiH1iRPp8,1997,Male,TRUE
574,Littefair,Andy,alittefairfx@opensource.org,Mobile,351-(229)380-7544,nqovBzAKio,2004,Male,TRUE
575,McPeake,Modesta,mmcpeakefy@barnesandnoble.com,Mobile,86-(331)239-9225,hgRSCrLZX,2001,Female,TRUE
576,Simpkin,Georas,gsimpkinfz@delicious.com,Mobile,1-(672)426-9834,ZHSIdTpWC,1999,Male,TRUE
577,Foster,Tannie,tfosterg0@redcross.org,Mobile,351-(535)425-4187,TWlVm3EeP,1946,Male,TRUE
578,Pendlington,Brynna,bpendlingtong1@wix.com,Mobile,506-(245)166-2457,BsnneU,1971,Female,TRUE
579,Houselee,Pip,phouseleeg2@cpanel.net,Mobile,44-(252)541-8548,JuzWb4GP,1955,Male,TRUE
580,Chmiel,Cammie,cchmielg3@timesonline.co.uk,Mobile,33-(980)897-6646,bh7puB,1996,Female,TRUE
581,Dooley,Lydon,ldooleyg4@chron.com,Mobile,62-(544)932-2701,wO69AFxVEp0A,1998,Male,TRUE
582,Cottel,Melamie,mcottelg5@oracle.com,Mobile,54-(228)426-6021,JgAWTFS,1959,Female,TRUE
583,Kops,Annabela,akopsg6@symantec.com,Mobile,62-(508)177-9028,CSF4Vg68,1948,Female,TRUE
584,Erridge,Ninnette,nerridgeg7@biglobe.ne.jp,Mobile,54-(553)245-5215,eysOzqlK2,1957,Female,TRUE
585,Nucator,Barbra,bnucatorg8@reference.com,Mobile,7-(258)683-3971,15O0M8J,1980,Female,TRUE
586,Rames,Kerk,kramesg9@wordpress.com,Mobile,92-(793)239-4570,hjewxEmR,2000,Male,TRUE
587,Petrowsky,Lelia,lpetrowskyga@abc.net.au,Mobile,216-(878)713-1624,lTt677bf,2004,Female,TRUE
588,Cyseley,Shae,scyseleygb@instagram.com,Mobile,56-(636)596-0740,9bGuFGy,1997,Female,TRUE
589,Whye,Sanford,swhyegc@ocn.ne.jp,Mobile,81-(131)870-4309,71NC66Rfp,1940,Male,TRUE
590,Bursnall,Percy,pbursnallgd@apache.org,Mobile,86-(586)670-5024,OMrgAdCVa,1982,Male,TRUE
591,McInnery,Meris,mmcinneryge@odnoklassniki.ru,Mobile,253-(985)974-3765,BiePoJ,1946,Female,TRUE
592,Codeman,Lovell,lcodemangf@wiley.com,Mobile,86-(506)614-3854,dEnRnyhRs628,1960,Male,TRUE
593,Patria,Carine,cpatriagg@npr.org,Mobile,62-(101)859-4627,skP5Cw,1965,Female,TRUE
594,Dyter,Estel,edytergh@shinystat.com,Mobile,62-(779)706-1896,47n5kS3yyVat,1981,Female,TRUE
595,Thurstan,Imelda,ithurstangi@exblog.jp,Mobile,7-(682)141-4072,v1NM2O9,1995,Female,TRUE
596,Livoir,Marna,mlivoirgj@bloomberg.com,Mobile,92-(601)958-1624,xeAFZtFOzV,1992,Female,TRUE
597,Lotze,Tillie,tlotzegk@vimeo.com,Mobile,964-(561)858-8273,xWMiVQlboPxZ,1977,Female,TRUE
598,Verney,Werner,wverneygl@army.mil,Mobile,86-(321)736-4187,Zce1uJIAzg,1956,Male,TRUE
599,Standbrook,Florinda,fstandbrookgm@kickstarter.com,Mobile,86-(851)296-0291,Dv1uXX5Y95,2003,Female,TRUE
600,Birdwistle,Rosaline,rbirdwistlegn@state.gov,Mobile,86-(156)354-6473,d8u4OxZFSOB,1996,Female,TRUE
601,Patching,Broderic,bpatchinggo@about.com,Mobile,86-(896)788-0974,xV5FpIo,1986,Male,TRUE
602,Gabitis,Milty,mgabitisgp@flickr.com,Mobile,7-(296)166-3459,AdHOqf27x,2000,Male,TRUE
603,Gilbeart,Elfrieda,egilbeartgq@earthlink.net,Mobile,62-(763)418-6045,Zr9rLmtkmx59,2005,Female,TRUE
604,Sollis,Eveleen,esollisgr@ted.com,Mobile,358-(217)173-7375,MVxqEFwHYO,1965,Female,TRUE
605,Mulhall,Grady,gmulhallgs@sciencedirect.com,Mobile,420-(168)168-7932,zz5iqYG5,1981,Male,TRUE
606,Pilgram,Ronnie,rpilgramgt@imdb.com,Mobile,880-(464)125-0993,nWFG97hlHbFy,1975,Female,TRUE
607,Kitchingham,Theressa,tkitchinghamgu@friendfeed.com,Mobile,86-(912)166-7606,0WBDcJlP,1946,Female,TRUE
608,Raxworthy,Erhard,eraxworthygv@yellowpages.com,Mobile,253-(493)441-1577,iK4HogIOhp6,2003,Male,TRUE
609,MacClenan,Mycah,mmacclenangw@weebly.com,Mobile,62-(513)705-6989,hL1wd49U0QQ,1986,Male,TRUE
610,Folker,Aline,afolkergx@quantcast.com,Mobile,86-(693)344-6726,QsNCBcl2SEWT,1995,Female,TRUE
611,Elijahu,Burke,belijahugy@un.org,Mobile,33-(578)126-0652,964uks,2003,Male,TRUE
612,Jovic,Alfi,ajovicgz@reverbnation.com,Mobile,86-(871)654-4391,8PI21M5j4z,1970,Female,TRUE
613,Tidball,Dwain,dtidballh0@webmd.com,Mobile,387-(557)854-2960,dUT6zKu0WyU,1943,Male,TRUE
614,Syplus,Griffy,gsyplush1@ed.gov,Mobile,880-(435)451-1748,tBniTg,1977,Male,TRUE
615,Overshott,Philomena,povershotth2@pbs.org,Mobile,212-(661)715-6908,qLzlPorJv,1978,Female,TRUE
616,Blazey,Jan,jblazeyh3@xing.com,Mobile,86-(734)479-7640,PYruVR,1995,Female,TRUE
617,McMeyler,Caryl,cmcmeylerh4@chron.com,Mobile,86-(247)527-6063,jAKlT1gV5OoN,1948,Male,TRUE
618,Broseman,Lilian,lbrosemanh5@wunderground.com,Mobile,86-(341)472-7893,JbXL3jLiAT,1991,Female,TRUE
619,Dossett,Bealle,bdossetth6@msu.edu,Mobile,86-(968)600-7021,TLhaz8ZNcOr,1964,Male,TRUE
620,Hellin,Tully,thellinh7@people.com.cn,Mobile,967-(109)591-7923,tV6w4IG79wx,1994,Male,TRUE
621,Bruty,Rhonda,rbrutyh8@upenn.edu,Mobile,86-(934)377-1457,XwlEt0D1PDm,1967,Female,TRUE
622,Harkess,Clair,charkessh9@livejournal.com,Mobile,380-(419)591-2387,W88IQtY,1990,Male,TRUE
623,Barczynski,Janaya,jbarczynskiha@hatena.ne.jp,Mobile,86-(202)722-5014,3BR4bIyS,1940,Female,TRUE
624,Allington,Zilvia,zallingtonhb@indiatimes.com,Mobile,7-(753)213-1562,kLXAyI4oIy,1956,Female,TRUE
625,Vasiltsov,Carroll,cvasiltsovhc@fotki.com,Mobile,46-(536)406-4507,QTDoGBrRC7SF,1948,Female,TRUE
626,Trundler,Kissiah,ktrundlerhd@redcross.org,Mobile,86-(961)376-7416,4XdgciHefrg3,1954,Female,TRUE
627,Checketts,Adolf,acheckettshe@freewebs.com,Mobile,86-(823)533-2403,NB6lPX,1994,Male,TRUE
628,Randles,Wynne,wrandleshf@ow.ly,Mobile,33-(290)323-0046,PSowLK,1954,Female,TRUE
629,Rushbrooke,Stirling,srushbrookehg@amazon.com,Mobile,34-(870)356-5667,ybtEOFu2z2,1986,Male,TRUE
630,Randalston,Roarke,rrandalstonhh@soundcloud.com,Mobile,52-(120)357-5767,TxSv32B,1989,Male,TRUE
631,Manuello,Andrej,amanuellohi@prweb.com,Mobile,386-(667)101-2738,hwSERJ7,1964,Male,TRUE
632,Swiers,Damian,dswiershj@spotify.com,Mobile,961-(360)370-4489,XPm3oK0riR,1999,Male,TRUE
633,Texton,Deni,dtextonhk@who.int,Mobile,351-(836)193-5385,8cj36I0PcQUB,1941,Female,TRUE
634,Chattoe,Filippo,fchattoehl@nymag.com,Mobile,63-(998)844-6474,7oiTyQm,1994,Male,TRUE
635,Lacelett,Jerrome,jlaceletthm@multiply.com,Mobile,57-(740)549-4411,9u3Px0qR4qY,1969,Male,TRUE
636,Herity,Arlen,aherityhn@goo.ne.jp,Mobile,86-(399)990-9256,BgpJX5AmO2a,1989,Male,TRUE
637,Durrington,Phillis,pdurringtonho@indiegogo.com,Mobile,216-(343)301-6841,L5XGC2co,1951,Female,TRUE
638,Storres,Carine,cstorreshp@ibm.com,Mobile,1-(532)996-0457,TQgNVioVl,1962,Female,TRUE
639,Zolini,Fairleigh,fzolinihq@weibo.com,Mobile,62-(964)150-7113,quWFcc7rRTWR,1983,Male,TRUE
640,Wombwell,Jaquith,jwombwellhr@devhub.com,Mobile,977-(404)631-5174,fXobfMN0pc2v,1982,Female,TRUE
641,Konzelmann,Gabriel,gkonzelmannhs@springer.com,Mobile,54-(447)813-8199,6FtPNunAwIaQ,2000,Male,TRUE
642,Sterre,Godwin,gsterreht@google.es,Mobile,62-(854)432-4142,JXMvdIksbebq,1950,Male,TRUE
643,Fahrenbacher,Allsun,afahrenbacherhu@goodreads.com,Mobile,51-(524)368-4165,lK9wYtQZa7ID,1997,Female,TRUE
644,Lehon,Pedro,plehonhv@miibeian.gov.cn,Mobile,52-(957)484-3033,p7tZ7RYb,1996,Male,TRUE
645,Berriball,Rivalee,rberriballhw@aol.com,Mobile,216-(406)855-9915,aLuWAk,1962,Female,TRUE
646,Clac,Myrvyn,mclachx@rambler.ru,Mobile,81-(188)676-9015,lMcP7IuXY,1998,Male,TRUE
647,Waterfall,Paige,pwaterfallhy@paypal.com,Mobile,46-(744)716-7990,JOegaYcZi,2003,Male,TRUE
648,Witcomb,Grove,gwitcombhz@wikispaces.com,Mobile,351-(732)520-3383,llFfRQ,1963,Male,TRUE
649,Ruggieri,Tobiah,truggierii0@tripadvisor.com,Mobile,380-(632)313-5282,mvX8hcZ,1957,Male,TRUE
650,Gallacher,Fredek,fgallacheri1@hubpages.com,Mobile,63-(226)819-7049,p0rddF,1943,Male,TRUE
651,Alvy,Micki,malvyi2@cdc.gov,Mobile,48-(605)611-0194,5pPF8tWc,1979,Female,TRUE
652,Casillas,Cati,ccasillasi3@shop-pro.jp,Mobile,58-(962)623-7858,XoQOt7yV,1950,Female,TRUE
653,Allgood,Darnell,dallgoodi4@imageshack.us,Mobile,81-(508)705-7852,avCOm0pLVeU,2004,Male,TRUE
654,Gosby,Carly,cgosbyi5@bravesites.com,Mobile,81-(870)928-1577,r5Dr5Pf,1975,Female,TRUE
655,Glavin,Miguel,mglavini6@opera.com,Mobile,420-(284)366-4545,KzXcYz4kH,1960,Male,TRUE
656,Fellona,Suzette,sfellonai7@multiply.com,Mobile,62-(112)128-8196,JlqMXguHbAA,1968,Female,TRUE
657,Linton,Urson,ulintoni8@comcast.net,Mobile,98-(249)657-9742,ePm8xUyxFa0r,1948,Male,TRUE
658,Guyonneau,Clayborn,cguyonneaui9@sun.com,Mobile,380-(141)559-8399,iBYAcVyqnuWb,1950,Male,TRUE
659,Dey,Kincaid,kdeyia@cpanel.net,Mobile,358-(102)518-1124,8ecACd,1994,Male,TRUE
660,Sallier,Cybill,csallierib@cdbaby.com,Mobile,86-(651)983-9557,0Gfpv0K0Jit6,2000,Female,TRUE
661,Salery,Gustavus,gsaleryic@cargocollective.com,Mobile,86-(311)312-4524,PW324QsBxR,1955,Male,TRUE
662,Holston,Ninetta,nholstonid@msu.edu,Mobile,351-(583)806-8373,H2kAQoP,1940,Female,TRUE
663,Brackstone,Darren,dbrackstoneie@ebay.com,Mobile,235-(756)222-0954,FT0wnQ,1996,Male,TRUE
664,Patemore,Pauletta,ppatemoreif@ifeng.com,Mobile,351-(160)883-0144,GAwpxiBI,1995,Female,TRUE
665,Balasin,Belicia,bbalasinig@yale.edu,Mobile,90-(292)897-4655,zG3uidCrIG5f,1958,Female,TRUE
666,Fallow,Flinn,ffallowih@psu.edu,Mobile,98-(412)901-7672,GuGFCRxHl,1996,Male,TRUE
667,Plessing,Ariella,aplessingii@unc.edu,Mobile,1-(352)905-1905,s1Xis1Jo5Vh1,1971,Female,TRUE
668,Woolaghan,Lucy,lwoolaghanij@homestead.com,Mobile,221-(161)902-5995,xDRi3y,1975,Female,TRUE
669,Rapi,Blayne,brapiik@jugem.jp,Mobile,63-(122)701-9915,lVqxwudto,1972,Male,TRUE
670,Trappe,Raymond,rtrappeil@huffingtonpost.com,Mobile,62-(876)231-9541,HGzfrxafe,1957,Male,TRUE
671,Paslow,Huberto,hpaslowim@netlog.com,Mobile,1-(113)533-3669,8wG430sOxr,1981,Male,TRUE
672,Holstein,Portia,pholsteinin@twitter.com,Mobile,54-(164)418-0136,nUvcpDQ07N,1975,Female,TRUE
673,Laister,Sibbie,slaisterio@google.ca,Mobile,46-(561)479-9767,cJjSkhTF,1946,Female,TRUE
674,Bazell,King,kbazellip@jiathis.com,Mobile,60-(809)153-4678,0Lhx2DW,1977,Male,TRUE
675,Todeo,Krissy,ktodeoiq@over-blog.com,Mobile,62-(204)201-8835,WiGeE14UmGE,1997,Female,TRUE
676,Blencowe,Marsh,mblencoweir@aboutads.info,Mobile,7-(638)170-8888,Cy5zeg,2005,Male,TRUE
677,Tozer,Aluin,atozeris@time.com,Mobile,33-(536)638-9136,Y0y8Zf,2001,Male,TRUE
678,Marcroft,Mile,mmarcroftit@bing.com,Mobile,86-(260)534-8802,VIglPiOOx,1963,Male,TRUE
679,Gandley,Tod,tgandleyiu@cdc.gov,Mobile,46-(698)466-8300,2GcDOmz9So,2004,Male,TRUE
680,Reggio,Heath,hreggioiv@google.nl,Mobile,55-(228)775-6867,zqQ6k2bFo,1974,Male,TRUE
681,Whitmore,Lambert,lwhitmoreiw@newsvine.com,Mobile,63-(433)680-6970,kLIjMCbW63d,1962,Male,TRUE
682,Parr,Greg,gparrix@yolasite.com,Mobile,7-(397)885-2279,huMTm22pA6hp,1964,Male,TRUE
683,Bowdler,Terry,tbowdleriy@bing.com,Mobile,66-(128)130-6000,5NO0bh,1952,Female,TRUE
684,McSharry,Alisun,amcsharryiz@dedecms.com,Mobile,57-(284)627-9197,F7j0rnwk,1984,Female,TRUE
685,Patzelt,Letty,lpatzeltj0@istockphoto.com,Mobile,66-(527)867-5490,hgbElz,1952,Female,TRUE
686,O'Fielly,Mervin,mofiellyj1@nbcnews.com,Mobile,7-(898)770-8830,YxyUfRhW,2005,Male,TRUE
687,Noyes,Burton,bnoyesj2@irs.gov,Mobile,86-(233)169-2979,JdMGOl4BPf,1958,Male,TRUE
688,Frears,Issi,ifrearsj3@wp.com,Mobile,63-(103)979-8690,d78z1h,1992,Female,TRUE
689,Wharf,Aurilia,awharfj4@deviantart.com,Mobile,86-(532)353-8496,bxitZql186B5,1968,Female,TRUE
690,McIlmorow,Bartie,bmcilmorowj5@walmart.com,Mobile,220-(707)968-1861,uWJGIQ,1975,Male,TRUE
691,Phizackarley,Merle,mphizackarleyj6@zdnet.com,Mobile,86-(265)752-8961,rjO8X4zKakU,2001,Female,TRUE
692,MacAnellye,Ingemar,imacanellyej7@unicef.org,Mobile,30-(137)709-4939,d3vnsa,1947,Male,TRUE
693,John,Florry,fjohnj8@bandcamp.com,Mobile,86-(762)767-7437,aexl8h,1961,Female,TRUE
694,Ingall,Randell,ringallj9@columbia.edu,Mobile,86-(999)374-1115,oX1Pl2Owod,1969,Male,TRUE
695,Jirusek,Rozina,rjirusekja@cbslocal.com,Mobile,220-(157)835-4432,SoDAPAl5K,1941,Female,TRUE
696,Breming,Abra,abremingjb@mysql.com,Mobile,62-(879)985-0484,BgtqqogCy9bo,1972,Female,TRUE
697,Boliver,Beatrisa,bboliverjc@paginegialle.it,Mobile,222-(884)379-3999,1K7YgXPnBLNA,1986,Female,TRUE
698,Flippini,Davida,dflippinijd@mit.edu,Mobile,7-(415)294-1718,yqb3lOfxA2Yi,1989,Female,TRUE
699,Devon,Reg,rdevonje@biblegateway.com,Mobile,51-(166)100-9035,Cx3QkHroo,1979,Male,TRUE
700,Fellnee,Sharleen,sfellneejf@ft.com,Mobile,1-(208)278-9020,WIT7UNG,1997,Female,TRUE
701,Aherne,Talia,tahernejg@soundcloud.com,Mobile,352-(900)551-5623,RgWjfy,1954,Female,TRUE
702,Luker,Constantino,clukerjh@intel.com,Mobile,51-(827)825-9797,T5YwXXLSQggv,1944,Male,TRUE
703,Kenewell,Barnie,bkenewellji@arizona.edu,Mobile,218-(736)264-7187,fSJu3DX2,2005,Male,TRUE
704,Allkins,Etheline,eallkinsjj@yahoo.co.jp,Mobile,48-(334)324-7778,yxxAPUeo,1977,Female,TRUE
705,De Gogay,Patin,pdegogayjk@desdev.cn,Mobile,30-(198)346-4200,p7Cf1ol,2001,Male,TRUE
706,Jaray,Parke,pjarayjl@weebly.com,Mobile,86-(862)309-5532,BqwBGPoh,1994,Male,TRUE
707,Lydster,Yale,ylydsterjm@narod.ru,Mobile,63-(401)288-7288,p1Bd9OB7kwx,1977,Male,TRUE
708,Castiblanco,Kerr,kcastiblancojn@sfgate.com,Mobile,63-(954)915-0821,bIGIsDAoo7,1980,Male,TRUE
709,Beves,Shelba,sbevesjo@oakley.com,Mobile,258-(250)227-6013,IvpriVOc,1944,Female,TRUE
710,Malek,Kirstyn,kmalekjp@phpbb.com,Mobile,63-(102)900-3354,Gg83OcRwC,1954,Female,TRUE
711,Kimbrough,Tome,tkimbroughjq@abc.net.au,Mobile,86-(482)719-8683,OICYRKJfoLM,1963,Male,TRUE
712,Papachristophorou,Kirk,kpapachristophoroujr@thetimes.co.uk,Mobile,1-(808)798-0460,vDEbda2G,1953,Male,TRUE
713,Cammomile,Devora,dcammomilejs@freewebs.com,Mobile,48-(737)874-7477,anzOE43,1992,Female,TRUE
714,Riseley,Gardiner,griseleyjt@va.gov,Mobile,62-(256)600-8614,Enxnkk,1979,Male,TRUE
715,Filoniere,Bendix,bfiloniereju@wikia.com,Mobile,7-(917)529-8220,sHeVIh,1953,Male,TRUE
716,Keene,Berti,bkeenejv@nasa.gov,Mobile,86-(650)515-5124,JuuxpelhE3,1978,Male,TRUE
717,Myrkus,Filberte,fmyrkusjw@squidoo.com,Mobile,48-(310)106-8811,CN774Ehu0SP,1975,Male,TRUE
718,Fisbey,Linn,lfisbeyjx@gravatar.com,Mobile,86-(859)198-6808,r0xxB1ICz,1997,Female,TRUE
719,Llewellen,Trey,tllewellenjy@cam.ac.uk,Mobile,351-(649)100-5594,t2jL0HVInT5g,2001,Male,TRUE
720,Rudgard,Shepherd,srudgardjz@cnn.com,Mobile,420-(965)909-5734,BaYKOHBnMJ,1940,Male,TRUE
721,Pomeroy,Adolpho,apomeroyk0@gnu.org,Mobile,62-(453)275-6148,7sxV7fTxa,1993,Male,TRUE
722,Minchindon,Branden,bminchindonk1@nbcnews.com,Mobile,63-(490)911-3575,eRDzuUwhhZ1h,1942,Male,TRUE
723,Itzkowicz,Slade,sitzkowiczk2@senate.gov,Mobile,86-(574)818-4162,RDsc0b0y8,1968,Male,TRUE
724,Lints,Candace,clintsk3@epa.gov,Mobile,351-(930)818-6970,ib1K9iYYwIo,1940,Female,TRUE
725,Ralphs,Bank,bralphsk4@telegraph.co.uk,Mobile,63-(616)729-3600,2dw6RTrGONOD,1985,Male,TRUE
726,Pashley,Raeann,rpashleyk5@tuttocitta.it,Mobile,351-(423)825-6583,0FH8YdnDS69,1977,Female,TRUE
727,Atteridge,Rory,ratteridgek6@cnbc.com,Mobile,7-(341)918-4651,xQppYdQ5,1978,Female,TRUE
728,Loffill,Jacquelin,jloffillk7@barnesandnoble.com,Mobile,53-(306)303-8169,HdVuY3,1958,Female,TRUE
729,Niese,Yolande,yniesek8@tripadvisor.com,Mobile,351-(707)281-3410,pgUoJDsSOU,1969,Female,TRUE
730,Scatchard,Wittie,wscatchardk9@answers.com,Mobile,62-(563)606-0498,knzqmd6uCNzZ,1971,Male,TRUE
731,Brelsford,Harwell,hbrelsfordka@newyorker.com,Mobile,86-(498)934-8179,uD8Dw4nkZ3Vz,1991,Male,TRUE
732,Prium,Antonius,apriumkb@bizjournals.com,Mobile,962-(974)683-9160,tdiATEcTtR,1998,Male,TRUE
733,Busby,Merrilee,mbusbykc@cam.ac.uk,Mobile,52-(124)732-1326,ZhFUwRxX,1976,Female,TRUE
734,Belsham,Barnie,bbelshamkd@pcworld.com,Mobile,420-(746)607-0110,VJ0CvjMvd5,1964,Male,TRUE
735,Tuminini,Yehudi,ytumininike@google.de,Mobile,86-(747)297-6613,hvE5onYf,1994,Male,TRUE
736,Corradengo,Deva,dcorradengokf@flavors.me,Mobile,86-(137)944-3488,fEpqANEu0iZ,2001,Female,TRUE
737,Owlner,Essa,eowlnerkg@google.co.uk,Mobile,55-(418)128-4796,0xga4sVP,1953,Female,TRUE
738,Cureton,Aubrette,acuretonkh@shareasale.com,Mobile,63-(301)530-7419,Y12yXvW,1944,Female,TRUE
739,Popworth,Maribeth,mpopworthki@oracle.com,Mobile,20-(441)817-0371,yK0TSSUECucC,1942,Female,TRUE
740,Gianullo,Pepito,pgianullokj@youtube.com,Mobile,57-(307)827-2585,yhG6j0V,1976,Male,TRUE
741,Beamand,Romeo,rbeamandkk@amazon.co.jp,Mobile,1-(505)401-6778,09av8TWk0T,1972,Male,TRUE
742,Sooley,Teodor,tsooleykl@yellowpages.com,Mobile,691-(429)468-3721,j8tm6Xh5R,1989,Male,TRUE
743,Carous,Kali,kcarouskm@nationalgeographic.com,Mobile,86-(646)840-2197,s7vkdRsr20,1953,Female,TRUE
744,Swiffin,Sullivan,sswiffinkn@wunderground.com,Mobile,370-(997)653-2938,AyrdG9,1977,Male,TRUE
745,Dailly,Harry,hdaillyko@about.me,Mobile,502-(182)874-7283,jjbQbvyxf,1946,Male,TRUE
746,Gaughan,Alphard,agaughankp@wunderground.com,Mobile,62-(847)618-1044,Xk0bX1UNN,1960,Male,TRUE
747,Bowcock,Isaac,ibowcockkq@nhs.uk,Mobile,84-(934)816-8676,5Ficrow3S,1967,Male,TRUE
748,Christiensen,Ellyn,echristiensenkr@comsenz.com,Mobile,245-(861)833-8764,5lupkCGKMsvr,1959,Female,TRUE
749,Beckinsall,Harriette,hbeckinsallks@omniture.com,Mobile,86-(140)898-4478,sPyQfh55m,1976,Female,TRUE
750,McIlvaney,Leslie,lmcilvaneykt@w3.org,Mobile,7-(249)523-6218,holuckHxv4FU,2004,Female,TRUE
751,Weakley,Woodrow,wweakleyku@disqus.com,Mobile,55-(136)910-3104,fnT0VwQ41,1999,Male,TRUE
752,Glentz,Dorian,dglentzkv@wix.com,Mobile,351-(915)302-3778,pmFiE28aF,1978,Female,TRUE
753,Jardin,Riva,rjardinkw@squidoo.com,Mobile,55-(137)620-1331,8NrXe1Q3LE,1956,Female,TRUE
754,Eads,Dalt,deadskx@latimes.com,Mobile,86-(918)718-9704,MT2zuZVE,1946,Male,TRUE
755,Cullivan,Francois,fcullivanky@ebay.com,Mobile,7-(730)522-4039,5rCkkO13,1986,Male,TRUE
756,St. Hill,Hammad,hsthillkz@amazon.co.jp,Mobile,62-(108)874-1876,QvSUH4wASXB,1998,Male,TRUE
757,Guyon,Nickie,nguyonl0@a8.net,Mobile,976-(413)776-5699,jrkn1KRFXg,1946,Male,TRUE
758,McAllister,Lauritz,lmcallisterl1@uol.com.br,Mobile,359-(180)687-5665,3EafszGZ,1971,Male,TRUE
759,Ingerith,Junette,jingerithl2@moonfruit.com,Mobile,1-(434)741-4611,NT5C3ZPL,1944,Female,TRUE
760,Scryne,Carlos,cscrynel3@skyrock.com,Mobile,389-(311)581-0336,0aFLIluD8g,1965,Male,TRUE
761,Skim,Vivia,vskiml4@imgur.com,Mobile,1-(814)590-4383,AEGDKvw,1993,Female,TRUE
762,Merriton,Reid,rmerritonl5@cbsnews.com,Mobile,66-(956)535-1093,2gH059h3,1996,Male,TRUE
763,Simonazzi,Berne,bsimonazzil6@arizona.edu,Mobile,7-(985)453-8101,2kSpjNm,1958,Male,TRUE
764,Briance,Barron,bbriancel7@sun.com,Mobile,63-(761)606-5818,XrHrhuRS,1973,Male,TRUE
765,Loveridge,Mortie,mloveridgel8@pen.io,Mobile,63-(499)156-0445,YwZ8rCylbR,1961,Male,TRUE
766,Brunone,Teddie,tbrunonel9@reverbnation.com,Mobile,62-(641)275-7546,Ae22E7,1953,Female,TRUE
767,Demongeot,Sorcha,sdemongeotla@jigsy.com,Mobile,86-(653)916-0751,UxeiOcAcQ,1982,Female,TRUE
768,Kehoe,Abdel,akehoelb@webmd.com,Mobile,58-(146)533-4469,GvXFpA,1952,Male,TRUE
769,Lamden,Demetrius,dlamdenlc@quantcast.com,Mobile,420-(625)804-0112,dUPnyyPN7,1952,Male,TRUE
770,Basnett,Codie,cbasnettld@bravesites.com,Mobile,55-(793)516-9193,UB7sd4UAEJ,1977,Female,TRUE
771,Chawkley,Base,bchawkleyle@odnoklassniki.ru,Mobile,250-(996)256-3579,iwqa4BVRqF,1973,Male,TRUE
772,Bowring,Indira,ibowringlf@whitehouse.gov,Mobile,351-(315)360-8490,LI1EQ3AE,1961,Female,TRUE
773,Agiolfinger,Stearne,sagiolfingerlg@java.com,Mobile,234-(695)436-8876,4OPD9leWGMNz,1992,Male,TRUE
774,Owlner,Sherman,sowlnerlh@fda.gov,Mobile,62-(757)272-4272,dpBDw1,1944,Male,TRUE
775,Hasley,Katina,khasleyli@cnbc.com,Mobile,380-(943)794-5820,70bCkp,2000,Female,TRUE
776,Brasier,Frannie,fbrasierlj@bbc.co.uk,Mobile,380-(889)100-7416,L2yKoGes,1978,Male,TRUE
777,Zecchetti,Ansley,azecchettilk@narod.ru,Mobile,351-(343)892-6009,7aTTfSs3Is1W,1957,Female,TRUE
778,Pinchbeck,Corilla,cpinchbeckll@elegantthemes.com,Mobile,86-(689)640-5437,yquzeVuIar,1955,Female,TRUE
779,Robey,Vittorio,vrobeylm@tmall.com,Mobile,420-(439)903-8167,Z3R0u8DM3CJi,1943,Male,TRUE
780,Norcross,Man,mnorcrossln@cbsnews.com,Mobile,965-(657)311-7679,uL8nJa4,2004,Male,TRUE
781,Lamcken,Kliment,klamckenlo@smh.com.au,Mobile,7-(948)501-9236,hbLcVApW57,1950,Male,TRUE
782,Littlecote,Robina,rlittlecotelp@tinyurl.com,Mobile,380-(155)893-0664,SwHAhjA96so,1967,Female,TRUE
783,Gebuhr,Kessiah,kgebuhrlq@fc2.com,Mobile,54-(660)102-7061,1Xk4FVExr,1982,Female,TRUE
784,O'Neill,Gusella,goneilllr@sitemeter.com,Mobile,55-(770)781-5356,tZcoxrCGOG,1961,Female,TRUE
785,Cridlin,Humberto,hcridlinls@wired.com,Mobile,374-(765)715-8120,TGtvYY,1991,Male,TRUE
786,Smissen,Albertine,asmissenlt@mit.edu,Mobile,962-(748)372-4454,t4Ryvys,1967,Female,TRUE
787,Berthouloume,Pennie,pberthouloumelu@princeton.edu,Mobile,1-(727)639-4522,tON8xhfu,1994,Female,TRUE
788,Joy,Clementius,cjoylv@baidu.com,Mobile,86-(825)989-1259,4VJhsQK,1959,Male,TRUE
789,Butterley,Roana,rbutterleylw@quantcast.com,Mobile,48-(991)862-9195,B3oGUP,1947,Female,TRUE
790,Spieght,Delora,dspieghtlx@scientificamerican.com,Mobile,62-(858)559-9114,aPQQwB,1984,Female,TRUE
791,Orange,Standford,sorangely@themeforest.net,Mobile,675-(954)123-8756,nP22RdmED0ex,1992,Male,TRUE
792,Whitnell,Emmey,ewhitnelllz@drupal.org,Mobile,62-(940)927-3310,cBGyU0WQz8,1979,Female,TRUE
793,Bradtke,Rochelle,rbradtkem0@miibeian.gov.cn,Mobile,386-(919)970-8964,Qm5fIEFFs4y,1959,Female,TRUE
794,Carstairs,Melly,mcarstairsm1@who.int,Mobile,86-(445)900-8945,1OMfKNYk,1963,Female,TRUE
795,Zoellner,Robers,rzoellnerm2@amazon.com,Mobile,86-(469)965-8449,PqKZwT,1981,Male,TRUE
796,Fumagall,Osmund,ofumagallm3@simplemachines.org,Mobile,86-(294)830-1649,Ezqcg4xKvxss,1960,Male,TRUE
797,Jacke,Kalila,kjackem4@statcounter.com,Mobile,218-(601)694-1506,kiyruLCySA,1970,Female,TRUE
798,Downse,Kale,kdownsem5@163.com,Mobile,371-(330)783-8706,FuNur0tP0uJ,1948,Male,TRUE
799,Neumann,Teena,tneumannm6@linkedin.com,Mobile,33-(673)580-6535,yxDdJa6W0,1968,Female,TRUE
800,Mardy,Bren,bmardym7@reuters.com,Mobile,86-(775)171-8017,2LDgpHBme,1996,Female,TRUE
801,Mortell,Rafe,rmortellm8@cornell.edu,Mobile,7-(874)431-3767,XFof0QL41,1969,Male,TRUE
802,Swaden,Cora,cswadenm9@cnet.com,Mobile,1-(703)176-0020,BQtw0n,1948,Female,TRUE
803,Kleiner,Donna,dkleinerma@dyndns.org,Mobile,55-(759)350-7459,a08I6JY,1953,Female,TRUE
804,Machon,Iggy,imachonmb@vistaprint.com,Mobile,850-(963)328-1865,xsufAfD,1976,Male,TRUE
805,Reiner,Hubey,hreinermc@networksolutions.com,Mobile,86-(546)449-9432,aLHhJHH,1967,Male,TRUE
806,Bertelet,Dirk,dberteletmd@europa.eu,Mobile,86-(100)875-0180,3JrdU2Fy,1941,Male,TRUE
807,Juleff,Genia,gjuleffme@salon.com,Mobile,86-(420)337-3773,wBX8IRRy1Ze,1994,Female,TRUE
808,Molden,Walt,wmoldenmf@soundcloud.com,Mobile,55-(532)114-3362,Oku4iau,1957,Male,TRUE
809,Hutchinges,Henrietta,hhutchingesmg@auda.org.au,Mobile,63-(717)997-8619,AYw434r,1944,Female,TRUE
810,Franklin,Brigg,bfranklinmh@netlog.com,Mobile,86-(531)743-5197,tYwemWTF,1950,Male,TRUE
811,Stebbings,Pearla,pstebbingsmi@hugedomains.com,Mobile,66-(569)893-4028,gP6HaqUt,2003,Female,TRUE
812,Reaper,Quinlan,qreapermj@livejournal.com,Mobile,7-(473)715-5593,T2tDdJQtd1W,1950,Male,TRUE
813,Tampen,Hilarius,htampenmk@bluehost.com,Mobile,380-(374)873-1536,DHmT98,1992,Male,TRUE
814,Kock,Ivar,ikockml@netvibes.com,Mobile,1-(223)512-7672,anmkjoAX1,1963,Male,TRUE
815,Sambedge,Gwenette,gsambedgemm@reddit.com,Mobile,48-(296)863-1163,fxKbRPxk4mre,2000,Female,TRUE
816,Brennan,Kirstyn,kbrennanmn@chronoengine.com,Mobile,34-(527)123-5037,IfkR8uT6z,1956,Female,TRUE
817,Eicke,Siobhan,seickemo@usa.gov,Mobile,352-(824)643-7523,b4EsB5w,1982,Female,TRUE
818,Nasi,Claudius,cnasimp@sitemeter.com,Mobile,7-(992)923-8765,RbuFzuYxc3,1959,Male,TRUE
819,Farrears,Afton,afarrearsmq@photobucket.com,Mobile,351-(705)303-4847,jO5cXDwk,1993,Female,TRUE
820,Barhems,Rheba,rbarhemsmr@geocities.com,Mobile,63-(635)688-8090,e0jXLeX0NW,1947,Female,TRUE
821,Frangione,Erwin,efrangionems@umich.edu,Mobile,381-(838)818-9786,XBBn7MlziaJL,1999,Male,TRUE
822,Willden,Dela,dwilldenmt@youtu.be,Mobile,86-(945)139-9257,m0K00R,1978,Female,TRUE
823,Allridge,Urban,uallridgemu@berkeley.edu,Mobile,63-(309)375-5436,ZjOOR62Bw,1986,Male,TRUE
824,Larking,Far,flarkingmv@nyu.edu,Mobile,351-(737)973-4824,st4xta,1957,Male,TRUE
825,Mungane,Mahmud,mmunganemw@cbsnews.com,Mobile,86-(852)786-1057,xcw6NJIACP,1980,Male,TRUE
826,Sells,Corrie,csellsmx@army.mil,Mobile,977-(393)175-3661,xzi3jW,1979,Female,TRUE
827,Sandon,Cletus,csandonmy@github.com,Mobile,86-(557)704-6866,3suZM7EBvImv,1950,Male,TRUE
828,Obee,Demetris,dobeemz@boston.com,Mobile,47-(388)426-8398,mS5qxABX,2003,Female,TRUE
829,Mattisssen,Arnoldo,amattisssenn0@apple.com,Mobile,93-(896)399-6033,PLAGQ5,1959,Male,TRUE
830,Kellen,Gordan,gkellenn1@examiner.com,Mobile,420-(336)664-8865,OsU9PdaQ4XX,1979,Male,TRUE
831,Colbeck,Yehudi,ycolbeckn2@rambler.ru,Mobile,62-(489)844-5593,0L5wnxByJ1aF,1948,Male,TRUE
832,Moisey,Sonny,smoiseyn3@businessinsider.com,Mobile,33-(899)103-1448,vNbYzy1xWv3x,1996,Female,TRUE
833,Flewitt,Reube,rflewittn4@geocities.jp,Mobile,86-(754)875-6408,GPhdXlun,1998,Male,TRUE
834,Scone,Jarred,jsconen5@geocities.jp,Mobile,81-(301)704-7642,8oxe7Nlj7m,1964,Male,TRUE
835,Salthouse,Oona,osalthousen6@sfgate.com,Mobile,374-(688)261-3880,AZlJ7X,1965,Female,TRUE
836,Springham,Tandie,tspringhamn7@unc.edu,Mobile,249-(980)553-8309,grljp8JJ,1979,Female,TRUE
837,Wickham,Thorny,twickhamn8@eventbrite.com,Mobile,52-(110)866-5826,Lxf1ip,1990,Male,TRUE
838,Henlon,Jaime,jhenlonn9@npr.org,Mobile,48-(147)670-1091,mUn3iJtMuD,1945,Male,TRUE
839,Baillie,Lesley,lbailliena@disqus.com,Mobile,48-(679)149-6590,WpzG9al,1973,Female,TRUE
840,McMurty,Allsun,amcmurtynb@aboutads.info,Mobile,86-(787)298-1429,sk23U8,1955,Female,TRUE
841,Mirando,Kissie,kmirandonc@mysql.com,Mobile,51-(795)960-2455,BtPLTpH4eO,1959,Female,TRUE
842,Moorfield,Bryon,bmoorfieldnd@webs.com,Mobile,86-(587)818-0391,xBXyeuPpqC21,1975,Male,TRUE
843,Merrywether,Pollyanna,pmerrywetherne@pen.io,Mobile,33-(524)620-5451,MoEu9wOnL9iY,2001,Female,TRUE
844,Enright,Silvanus,senrightnf@diigo.com,Mobile,966-(265)249-7246,HyQ0ZMhW5,1963,Male,TRUE
845,Bellhouse,Byrle,bbellhouseng@creativecommons.org,Mobile,976-(874)780-3289,CDhNVzS612uB,1983,Male,TRUE
846,Greet,Siouxie,sgreetnh@1688.com,Mobile,7-(411)885-2815,tczxKj4pK,1964,Female,TRUE
847,Crowdace,Taffy,tcrowdaceni@mapy.cz,Mobile,86-(338)279-6808,D0bXutromlU,2004,Female,TRUE
848,Prangle,Violante,vpranglenj@epa.gov,Mobile,507-(145)483-8726,eRA8rx7KVV4,1967,Female,TRUE
849,Scotchbrook,Suzanna,sscotchbrooknk@yolasite.com,Mobile,86-(852)192-4173,bSYYv0,1947,Female,TRUE
850,Broadbent,Lanie,lbroadbentnl@google.it,Mobile,48-(497)626-0611,4V2CoHfVc,1945,Male,TRUE
851,Giovanardi,Clayborne,cgiovanardinm@techcrunch.com,Mobile,48-(430)506-6022,7PUmkFeuq,1944,Male,TRUE
852,Wegenen,Tiena,twegenennn@weather.com,Mobile,62-(612)981-2867,oOBHCUQ4fC5w,1942,Female,TRUE
853,Chate,Alair,achateno@cafepress.com,Mobile,57-(993)181-6480,35iM7IkNpqsU,2003,Male,TRUE
854,Shavel,Trescha,tshavelnp@huffingtonpost.com,Mobile,63-(591)160-9068,Wmclv47,2003,Female,TRUE
855,Sloey,Zulema,zsloeynq@webnode.com,Mobile,48-(500)823-8228,5uGUaQT,1946,Female,TRUE
856,Shropshire,Aurelea,ashropshirenr@xinhuanet.com,Mobile,7-(946)245-6094,3RJaLhfPKM,1984,Female,TRUE
857,Saffin,Obadias,osaffinns@wordpress.org,Mobile,62-(107)852-2264,lygqdhGOviaD,1999,Male,TRUE
858,Geale,Melitta,mgealent@discuz.net,Mobile,234-(629)469-6992,1jaqMlkcr,1982,Female,TRUE
859,Laird,Hermann,hlairdnu@jiathis.com,Mobile,62-(914)809-2986,LjSCe0JsBDY,1985,Male,TRUE
860,O'Carran,Mac,mocarrannv@businessweek.com,Mobile,967-(357)493-2590,t6qxVR0,1950,Male,TRUE
861,Bermingham,Judye,jberminghamnw@pinterest.com,Mobile,234-(823)412-7490,Z6U5bbQG,1959,Female,TRUE
862,Decruse,Aubry,adecrusenx@dagondesign.com,Mobile,48-(788)419-5029,hdEMtH7,1990,Female,TRUE
863,Galtone,Kin,kgaltoneny@cnbc.com,Mobile,51-(494)477-8250,NhQmAWm1rP,2002,Male,TRUE
864,Giles,Byron,bgilesnz@clickbank.net,Mobile,371-(908)909-9555,ZoYofy,1983,Male,TRUE
865,Sorley,Natividad,nsorleyo0@nih.gov,Mobile,62-(579)176-8302,LdWmqZ,1956,Female,TRUE
866,Aleksidze,Alanson,aaleksidzeo1@tripadvisor.com,Mobile,48-(815)401-5369,ozC7Wc8F,1999,Male,TRUE
867,Wooddisse,Sig,swooddisseo2@nba.com,Mobile,375-(600)138-3286,2Uk8TDC,1992,Male,TRUE
868,McKag,Konstance,kmckago3@who.int,Mobile,62-(493)986-1346,zend4LLz,1980,Female,TRUE
869,Rihosek,Shawn,srihoseko4@com.com,Mobile,46-(787)854-8527,hgFcpRy,1991,Male,TRUE
870,Aizikovitch,Anette,aaizikovitcho5@constantcontact.com,Mobile,86-(407)837-4544,5B94cajCSVpW,1964,Female,TRUE
871,Lippett,Jessy,jlippetto6@oakley.com,Mobile,46-(689)823-1991,KNJcaUgYi,1986,Female,TRUE
872,Cuttle,Oswell,ocuttleo7@timesonline.co.uk,Mobile,48-(476)738-8570,7xwi8YdN6GnE,1956,Male,TRUE
873,Donaghie,Nicolle,ndonaghieo8@oaic.gov.au,Mobile,92-(533)341-7523,ImzmZztKmGJ,1998,Female,TRUE
874,Godber,Davin,dgodbero9@tripadvisor.com,Mobile,242-(853)143-9526,agQ96W0rQ,1971,Male,TRUE
875,Scrinage,Noland,nscrinageoa@digg.com,Mobile,225-(236)986-1588,13vdYBFabuke,1949,Male,TRUE
876,Sage,Nels,nsageob@europa.eu,Mobile,856-(396)907-8667,WvwMetasQrVO,1950,Male,TRUE
877,Benedito,Abbie,abeneditooc@omniture.com,Mobile,62-(345)596-5385,N375Cpsk,1940,Male,TRUE
878,Kull,Wallie,wkullod@biglobe.ne.jp,Mobile,7-(234)379-6443,OlkFIIqSmm,1945,Female,TRUE
879,Corten,Shellysheldon,scortenoe@rambler.ru,Mobile,62-(396)385-8980,2wcaANjQBts,1991,Male,TRUE
880,Pucker,Mal,mpuckerof@xinhuanet.com,Mobile,33-(400)181-6644,iHT2pvFuIgWF,2001,Male,TRUE
881,Bridgens,Timothy,tbridgensog@squarespace.com,Mobile,62-(673)120-3269,RZdc8eY7y7nB,1975,Male,TRUE
882,Tuffield,Faye,ftuffieldoh@army.mil,Mobile,595-(766)944-3557,I5LApSU,1956,Female,TRUE
883,Quaintance,Merrie,mquaintanceoi@nytimes.com,Mobile,886-(858)404-7920,z7kV5Nbj5,1963,Female,TRUE
884,Ortsmann,Wainwright,wortsmannoj@princeton.edu,Mobile,380-(145)363-9050,QVJ5EX,1943,Male,TRUE
885,Keems,Durant,dkeemsok@youtube.com,Mobile,507-(462)972-0760,ZdRGB2IEJskV,1969,Male,TRUE
886,Dukesbury,Ivett,idukesburyol@histats.com,Mobile,86-(162)491-3048,naus3F11,1948,Female,TRUE
887,Sawter,Alfie,asawterom@topsy.com,Mobile,57-(998)558-4957,ZVFCMNgl,1960,Male,TRUE
888,Noon,Duncan,dnoonon@mysql.com,Mobile,374-(332)612-9644,3CDPmDo,2005,Male,TRUE
889,Floweth,Vita,vflowethoo@devhub.com,Mobile,7-(333)484-5751,kLQW7fepW,1947,Female,TRUE
890,Mordecai,Christye,cmordecaiop@telegraph.co.uk,Mobile,380-(780)494-7683,6VnDiaZgLG,1973,Female,TRUE
891,Trimbey,Gus,gtrimbeyoq@usda.gov,Mobile,352-(135)943-0832,er4uT5W1BLtc,1990,Female,TRUE
892,Rattray,Flss,frattrayor@soup.io,Mobile,240-(951)393-0473,zzcLKX,1966,Female,TRUE
893,Leith,Catlee,cleithos@technorati.com,Mobile,62-(756)971-9216,bnH1wXqo0F,1989,Female,TRUE
894,Halstead,Terri,thalsteadot@nytimes.com,Mobile,351-(357)694-2622,LHg0qc15j9,1972,Male,TRUE
895,Burnand,Bertie,bburnandou@fastcompany.com,Mobile,420-(226)767-7987,8MEgOe,2005,Male,TRUE
896,Ollett,Willdon,wollettov@sakura.ne.jp,Mobile,86-(242)644-9770,NeIg148ROJkC,1995,Male,TRUE
897,Destouche,Claire,cdestoucheow@marriott.com,Mobile,375-(257)291-5365,HJ25WmI65,2003,Male,TRUE
898,Cadlock,Brandea,bcadlockox@feedburner.com,Mobile,356-(722)776-8326,yhRhiGj,1968,Female,TRUE
899,Sanpher,Fanya,fsanpheroy@mapy.cz,Mobile,33-(571)950-2768,J8H57F9qQP,2003,Female,TRUE
900,Harrowing,Al,aharrowingoz@house.gov,Mobile,54-(932)851-0716,147dCWkD02n,1989,Male,TRUE
901,Pirt,Lynnelle,lpirtp0@godaddy.com,Mobile,358-(170)148-8536,Hlm5L9pEd25f,1981,Female,TRUE
902,Fellini,Floyd,ffellinip1@columbia.edu,Mobile,62-(593)485-4454,gAG8rTMoAUEt,1972,Male,TRUE
903,Lupson,Arnold,alupsonp2@linkedin.com,Mobile,81-(213)609-9477,MVV339lA,1996,Male,TRUE
904,Guidotti,Robinet,rguidottip3@noaa.gov,Mobile,57-(454)820-4845,0KjzXHudBPJJ,1998,Female,TRUE
905,Makiver,Ezequiel,emakiverp4@addtoany.com,Mobile,261-(664)576-4267,NV53V8i3Yl,1973,Male,TRUE
906,Nightingale,Merry,mnightingalep5@cisco.com,Mobile,1-(781)455-8058,XK07Dub,1968,Female,TRUE
907,Liggens,Rickard,rliggensp6@altervista.org,Mobile,62-(839)651-4595,KsDVGkpWeg4,1971,Male,TRUE
908,Whitsey,Beverlie,bwhitseyp7@sun.com,Mobile,86-(934)688-2462,08IUTpVuVo,1964,Female,TRUE
909,Shellshear,Georgetta,gshellshearp8@state.tx.us,Mobile,351-(935)565-4710,f2pRmO7Drj,1976,Female,TRUE
910,Guage,Eleanore,eguagep9@arstechnica.com,Mobile,420-(644)451-9870,1mjEU4,2000,Female,TRUE
911,Gregory,Victoria,vgregorypa@nationalgeographic.com,Mobile,62-(345)447-6709,dEDiJWT8oI0e,1962,Female,TRUE
912,Bednall,Barth,bbednallpb@umich.edu,Mobile,355-(397)777-2180,1cuQZrcgA0bb,1975,Male,TRUE
913,Yakushkin,Vlad,vyakushkinpc@scientificamerican.com,Mobile,62-(422)249-6694,6iBdSV,1997,Male,TRUE
914,Roswarne,Sloan,sroswarnepd@umn.edu,Mobile,7-(567)737-3924,nVd8F97PeES,1957,Male,TRUE
915,Barense,Averell,abarensepe@nbcnews.com,Mobile,7-(542)443-2365,otJqVCYh,1998,Male,TRUE
916,Webbe,Henriette,hwebbepf@wix.com,Mobile,86-(131)726-2210,EPCJkYywR,1975,Female,TRUE
917,Swalowe,Katie,kswalowepg@yahoo.co.jp,Mobile,51-(412)394-2218,CPo5QoUDg7Xc,1998,Female,TRUE
918,Huntress,Ardyth,ahuntressph@ifeng.com,Mobile,351-(892)430-6585,nQIlUR60,1946,Female,TRUE
919,Fominov,Felicdad,ffominovpi@xinhuanet.com,Mobile,62-(808)839-7258,M4OrsJlQYLyw,1958,Female,TRUE
920,Peatman,Jake,jpeatmanpj@webs.com,Mobile,386-(998)483-8232,MDsNrku4B,1963,Male,TRUE
921,Batty,Jeannie,jbattypk@economist.com,Mobile,48-(228)552-3413,cTbbjl,1970,Female,TRUE
922,Danilenko,Erwin,edanilenkopl@ucoz.com,Mobile,55-(424)932-1220,WiQNZPveuY,1946,Male,TRUE
923,Broadberry,Meg,mbroadberrypm@topsy.com,Mobile,7-(183)125-9087,QCk0ucj,1978,Female,TRUE
924,Catford,Ardelia,acatfordpn@posterous.com,Mobile,7-(390)536-8147,WOB5YRHg,1992,Female,TRUE
925,Light,Mufi,mlightpo@arizona.edu,Mobile,58-(462)871-0439,MMoxUEdBJQ0d,2001,Female,TRUE
926,Harmeston,Karlyn,kharmestonpp@newsvine.com,Mobile,261-(632)776-4125,JP7c4tkyONrg,2002,Female,TRUE
927,Broomhall,Morgan,mbroomhallpq@google.co.uk,Mobile,98-(283)726-3915,HkH0Q5Lgc,1993,Female,TRUE
928,Cloutt,Tristam,tclouttpr@narod.ru,Mobile,95-(877)509-8248,pL7I96gOa7y1,1966,Male,TRUE
929,Mathiot,Siegfried,smathiotps@shareasale.com,Mobile,220-(994)127-1427,0CIJGm3rii,1961,Male,TRUE
930,Capron,Marlo,mcapronpt@themeforest.net,Mobile,351-(177)874-2910,6vOqUAZ4v,1990,Female,TRUE
931,Sharpless,Sidonia,ssharplesspu@gmpg.org,Mobile,355-(237)572-4256,WQGABL,1974,Female,TRUE
932,Blackey,Felice,fblackeypv@a8.net,Mobile,55-(549)500-4194,zHdgK0BW5kl,1945,Female,TRUE
933,Grierson,Rustin,rgriersonpw@answers.com,Mobile,62-(466)266-9063,afQB3yALW,1982,Male,TRUE
934,Braikenridge,Iggie,ibraikenridgepx@canalblog.com,Mobile,93-(183)899-1279,Dhe0RSH,1977,Male,TRUE
935,Byard,Ally,abyardpy@is.gd,Mobile,47-(103)757-7060,lxpfTH7yXBlB,1999,Female,TRUE
936,Hellings,Caspar,chellingspz@wired.com,Mobile,358-(794)117-9443,yXXBGI,1962,Male,TRUE
937,Tetlow,Christophe,ctetlowq0@cnbc.com,Mobile,7-(938)140-1629,i0A4Cc,1994,Male,TRUE
938,Frazier,Jobie,jfrazierq1@guardian.co.uk,Mobile,1-(967)750-1187,otwMzl,1997,Female,TRUE
939,Vallintine,Ivar,ivallintineq2@indiatimes.com,Mobile,263-(557)747-3842,wfB5S9cfq8p,1940,Male,TRUE
940,Kernermann,Ronni,rkernermannq3@google.com,Mobile,63-(561)258-4528,CUnFCs2n9Jmu,1963,Female,TRUE
941,Giller,Jabez,jgillerq4@ed.gov,Mobile,372-(506)415-0153,kdGRhB,1973,Male,TRUE
942,Charley,Shurlock,scharleyq5@arizona.edu,Mobile,266-(147)237-0604,9WOTIs,1995,Male,TRUE
943,Dennidge,Sarette,sdennidgeq6@dyndns.org,Mobile,86-(710)166-6945,KXLYTgIO,2000,Female,TRUE
944,D'Onisi,Tybalt,tdonisiq7@sphinn.com,Mobile,374-(248)929-0030,gccmdIqKyaU0,1965,Male,TRUE
945,Hewkin,Baron,bhewkinq8@linkedin.com,Mobile,380-(372)311-5041,3fl7qVXHwye,1958,Male,TRUE
946,Southcoat,Isiahi,isouthcoatq9@umn.edu,Mobile,55-(111)791-5825,aUZAU2q5Bq,1942,Male,TRUE
947,Sighard,Issie,isighardqa@japanpost.jp,Mobile,353-(273)566-5912,ouvVlJDzy,1980,Female,TRUE
948,Canedo,Felipe,fcanedoqb@hostgator.com,Mobile,62-(253)280-5319,3guoqkptQ,1946,Male,TRUE
949,Hirsthouse,Katlin,khirsthouseqc@xinhuanet.com,Mobile,385-(123)547-7318,IcJq7hLD42,1946,Female,TRUE
950,Knottley,Byrom,bknottleyqd@scribd.com,Mobile,20-(719)106-8340,Nw0xxKxpU,1998,Male,TRUE
951,Munnery,Tann,tmunneryqe@dot.gov,Mobile,595-(278)384-2082,NHG6XFmn5N,1985,Male,TRUE
952,Chaffen,Karlyn,kchaffenqf@clickbank.net,Mobile,52-(609)949-9550,X78OIiksXBE,1963,Female,TRUE
953,Gliddon,Linnet,lgliddonqg@google.ca,Mobile,353-(645)645-7637,Ylgz0KmA,1967,Female,TRUE
954,Malster,Janetta,jmalsterqh@reddit.com,Mobile,1-(276)856-0394,r0LHxE7fzh,1978,Female,TRUE
955,Ozelton,Nevile,nozeltonqi@pen.io,Mobile,385-(777)956-7817,QvzEKXuw,1944,Male,TRUE
956,Flaverty,Yard,yflavertyqj@cbc.ca,Mobile,62-(870)313-1101,oeG7acIzt,1955,Male,TRUE
957,Shorey,Spike,sshoreyqk@cbslocal.com,Mobile,63-(853)302-8124,iOwHqtwE20,1952,Male,TRUE
958,Anselm,Laney,lanselmql@blog.com,Mobile,351-(935)702-5428,ZGyBkDh36uS,1942,Male,TRUE
959,Overall,Jacintha,joverallqm@statcounter.com,Mobile,380-(674)758-6651,3IGrCoAoI1t,1977,Female,TRUE
960,Baudino,Bax,bbaudinoqn@barnesandnoble.com,Mobile,57-(104)222-2032,CZyu23Nfis,1970,Male,TRUE
961,Hischke,Edward,ehischkeqo@prweb.com,Mobile,84-(622)457-7421,2VQ4A5TOM,1986,Male,TRUE
962,Tumelty,Martynne,mtumeltyqp@redcross.org,Mobile,380-(739)112-8543,1fN1LJzhhV,1959,Female,TRUE
963,Clail,Gallard,gclailqq@hc360.com,Mobile,63-(712)346-5159,9VmwaQftYoQC,1989,Male,TRUE
964,Leblanc,Micky,mleblancqr@aboutads.info,Mobile,63-(471)369-6453,7f7GovLvi,1961,Male,TRUE
965,Yukhnev,Wayne,wyukhnevqs@networkadvertising.org,Mobile,63-(428)223-7394,COtw8Cyr,1976,Male,TRUE
966,Tumayan,Candra,ctumayanqt@ustream.tv,Mobile,507-(470)687-7077,yd0zj9,2002,Female,TRUE
967,Mullenger,Rowney,rmullengerqu@ebay.co.uk,Mobile,86-(829)209-3909,yox90Q9FqBo,1968,Male,TRUE
968,Lafoy,Ozzy,olafoyqv@rakuten.co.jp,Mobile,32-(917)684-2574,eR2Djldx4Op,1962,Male,TRUE
969,Advani,Merwyn,madvaniqw@bigcartel.com,Mobile,63-(331)397-5735,wXRaDu,1953,Male,TRUE
970,Stickells,Sarine,sstickellsqx@fastcompany.com,Mobile,86-(427)944-4646,ywgceGOMBN,1983,Female,TRUE
971,Loker,Hayward,hlokerqy@paginegialle.it,Mobile,62-(792)691-7987,eR3WKz,1945,Male,TRUE
972,Evelyn,Chad,cevelynqz@dell.com,Mobile,86-(971)728-2930,aujX3vYavmLw,1963,Male,TRUE
973,Kahler,Rabi,rkahlerr0@wiley.com,Mobile,62-(649)115-4878,nFhD9Q,1972,Male,TRUE
974,LaBastida,Guillemette,glabastidar1@arstechnica.com,Mobile,224-(629)851-7429,U2IC1qNMBv,1953,Female,TRUE
975,Guerre,Herc,hguerrer2@yelp.com,Mobile,62-(651)660-0212,RWLInh,1969,Male,TRUE
976,Demer,Gae,gdemerr3@so-net.ne.jp,Mobile,57-(244)209-2485,25bVMCuQnTSz,2001,Female,TRUE
977,Mangenot,Bordie,bmangenotr4@dot.gov,Mobile,383-(995)943-6236,C9kODnn,1991,Male,TRUE
978,Canham,Toni,tcanhamr5@mac.com,Mobile,7-(986)311-5768,NmvP1b,1962,Female,TRUE
979,Dumbrill,Belita,bdumbrillr6@si.edu,Mobile,62-(225)195-5992,8DxGze,1963,Female,TRUE
980,MacAless,Joycelin,jmacalessr7@house.gov,Mobile,63-(781)976-8428,tMQaZ7OIsB,1997,Female,TRUE
981,Bruyett,Arlyn,abruyettr8@oaic.gov.au,Mobile,62-(585)830-4635,bDO2KnlD2QMt,1998,Female,TRUE
982,D'Aguanno,Franchot,fdaguannor9@ca.gov,Mobile,47-(666)140-3968,NQwORhsG,1966,Male,TRUE
983,McGowing,Mitchael,mmcgowingra@chronoengine.com,Mobile,7-(992)672-3282,MFyYixc,1963,Male,TRUE
984,Stanfield,Joelie,jstanfieldrb@webeden.co.uk,Mobile,86-(181)942-1268,wtGx9c,1985,Female,TRUE
985,Bloxham,Adorne,abloxhamrc@tamu.edu,Mobile,81-(114)623-2424,cdEL2CdSZbg2,1994,Female,TRUE
986,Ponnsett,Ulrich,uponnsettrd@patch.com,Mobile,352-(736)451-4009,3AEAuV7U2hLL,2005,Male,TRUE
987,Jeayes,Melissa,mjeayesre@spotify.com,Mobile,86-(273)348-6695,7qLfB2JupwD,1985,Female,TRUE
988,Ferri,Muhammad,mferrirf@homestead.com,Mobile,1-(984)391-8317,1JryXGQMo,1994,Male,TRUE
989,Drowsfield,Zebulen,zdrowsfieldrg@is.gd,Mobile,48-(723)615-7172,5sxUu8Q03Q,1963,Male,TRUE
990,Bartosek,Bond,bbartosekrh@soup.io,Mobile,52-(224)746-0023,05PEgCYZ,2001,Male,TRUE
991,Avramovich,Tammy,tavramovichri@com.com,Mobile,256-(983)785-1985,ZE3PJbd,1981,Male,TRUE
992,Reyna,Dagmar,dreynarj@printfriendly.com,Mobile,1-(532)123-8134,fNsuPESH,1978,Female,TRUE
993,McGirl,Aurora,amcgirlrk@loc.gov,Mobile,7-(125)517-6472,01bQ09LXk,1996,Female,TRUE
994,Slograve,Marlee,mslograverl@ocn.ne.jp,Mobile,63-(321)198-5415,MYXBv5,1951,Female,TRUE
995,Stag,Saudra,sstagrm@list-manage.com,Mobile,86-(535)819-2956,8wTT4e,2002,Female,TRUE
996,Kabsch,Saxe,skabschrn@mozilla.com,Mobile,1-(480)906-6940,0bzXQffB,1942,Male,TRUE
997,Labone,Richard,rlabonero@clickbank.net,Mobile,7-(727)832-0179,lgRyYNy,1968,Male,TRUE
998,Bunclark,Ivar,ibunclarkrp@fc2.com,Mobile,86-(210)178-7849,07bayOD7f,1991,Male,TRUE
999,Dackombe,Ashla,adackomberq@odnoklassniki.ru,Mobile,33-(814)902-7328,TGoN2Br,1991,Female,TRUE
1000,Adriano,Carree,cadrianorr@chronoengine.com,Mobile,380-(247)642-7141,SJXwnVtf,1984,Female,TRUE
